mol_smi,bbs_smi
COc1cccc(OC)c1[C@@H]1C[C@H](F)C(=O)N1Cc1ccc(OC(F)(F)F)cc1,[*]c1c(OC)cccc1OC.[*][C@]1([H])C[C@]([H])(F)C(=O)N1[*].[*]Cc1ccc(OC(F)(F)F)cc1
COc1cccc(OC)c1[C@@H]1CC(F)(F)C(=O)N1Cc1ccc(OC(F)(F)F)cc1,[*]c1c(OC)cccc1OC.[*][C@]1([H])CC(F)(F)C(=O)N1[*].[*]Cc1ccc(OC(F)(F)F)cc1
COc1cccc(OC)c1[C@@H]1CCC(=O)N1Cc1ccc(OC(F)(F)F)cc1,[*]c1c(OC)cccc1OC.[*][C@]1([H])CCC(=O)N1[*].[*]Cc1ccc(OC(F)(F)F)cc1
COc1cccc(OC)c1[C@@H]1C[C@H](Cl)C(=O)N1Cc1ccc2oc3ccccc3c2c1,[*]c1c(OC)cccc1OC.[*][C@]1([H])C[C@]([H])(Cl)C(=O)N1[*].[*]Cc1ccc2oc3ccccc3c2c1
COc1cccc(OC)c1[C@@H]1C[C@H](F)C(=O)N1Cc1ccc2oc3ccccc3c2c1,[*]c1c(OC)cccc1OC.[*][C@]1([H])C[C@]([H])(F)C(=O)N1[*].[*]Cc1ccc2oc3ccccc3c2c1
COc1cccc(OC)c1[C@@H]1CC(F)(F)C(=O)N1Cc1ccc2oc3ccccc3c2c1,[*]c1c(OC)cccc1OC.[*][C@]1([H])CC(F)(F)C(=O)N1[*].[*]Cc1ccc2oc3ccccc3c2c1
COc1cccc(OC)c1[C@@H]1CCC(=O)N1Cc1cccc(-c2csc(C)n2)c1,[*]c1c(OC)cccc1OC.[*][C@]1([H])CCC(=O)N1[*].[*]Cc1cccc(-c2csc(C)n2)c1
COc1cccc(OC)c1[C@@H]1CCC(=O)N1Cc1ccc2oc3ccccc3c2c1,[*]c1c(OC)cccc1OC.[*][C@]1([H])CCC(=O)N1[*].[*]Cc1ccc2oc3ccccc3c2c1
COc1cccc(OC)c1[C@@H]1C[C@@H](O)C(=O)N1Cc1ccc2oc3ccccc3c2c1,[*]c1c(OC)cccc1OC.[*][C@]1([H])C[C@@]([H])(O)C(=O)N1[*].[*]Cc1ccc2oc3ccccc3c2c1
COc1cccc(F)c1[C@@H]1C[C@H](F)C(=O)N1Cc1ccc2oc3ccccc3c2c1,[*]c1c(F)cccc1OC.[*][C@]1([H])C[C@]([H])(F)C(=O)N1[*].[*]Cc1ccc2oc3ccccc3c2c1
COc1cccc(F)c1[C@@H]1C[C@H](Cl)C(=O)N1Cc1ccc2oc3ccccc3c2c1,[*]c1c(F)cccc1OC.[*][C@]1([H])C[C@]([H])(Cl)C(=O)N1[*].[*]Cc1ccc2oc3ccccc3c2c1
O=C1[C@H](O)C[C@@H](c2c(F)cccc2OCCF)N1Cc1ccc2oc3ccccc3c2c1,[*]c1c(F)cccc1OCCF.[*][C@]1([H])C[C@@]([H])(O)C(=O)N1[*].[*]Cc1ccc2oc3ccccc3c2c1
COc1cccc(F)c1[C@@H]1C[C@H](Cl)C(=O)N1Cc1ccc(OC(F)(F)F)cc1,[*]c1c(F)cccc1OC.[*][C@]1([H])C[C@]([H])(Cl)C(=O)N1[*].[*]Cc1ccc(OC(F)(F)F)cc1
COc1cccc(F)c1[C@@H]1C[C@@H](O)C(=O)N1Cc1ccc2oc3ccccc3c2c1,[*]c1c(F)cccc1OC.[*][C@]1([H])C[C@@]([H])(O)C(=O)N1[*].[*]Cc1ccc2oc3ccccc3c2c1
COc1cccc(OC)c1[C@@H]1CC[C@H](C)C(=O)N1Cc1ccc(OC(F)(F)F)cc1,[*]c1c(OC)cccc1OC.[*][C@]1([H])CC[C@]([H])(C)C(=O)N1[*].[*]Cc1ccc(OC(F)(F)F)cc1
COc1cccc(OC)c1[C@@H]1C[C@H](C)C(=O)N1Cc1ccc(OC(F)(F)F)cc1,[*]c1c(OC)cccc1OC.[*][C@]1([H])C[C@]([H])(C)C(=O)N1[*].[*]Cc1ccc(OC(F)(F)F)cc1
COc1cccc(OC)c1[C@@H]1C[C@H](C)C(=O)N1Cc1cccc(OC(F)(F)F)c1,[*]c1c(OC)cccc1OC.[*][C@]1([H])C[C@]([H])(C)C(=O)N1[*].[*]Cc1cccc(OC(F)(F)F)c1
COc1cccc(OC)c1[C@@H]1C[C@H](C)C(=O)N1Cc1cccc(OC(F)F)c1,[*]c1c(OC)cccc1OC.[*][C@]1([H])C[C@]([H])(C)C(=O)N1[*].[*]Cc1cccc(OC(F)F)c1
COc1cccc(OC)c1[C@@H]1CCCC(=O)N1[C@@H](C)c1ccc(OC(F)(F)F)cc1,[*]c1c(OC)cccc1OC.[*][C@]1([H])CCCC(=O)N1[*].[*][C@@]([H])(C)c1ccc(OC(F)(F)F)cc1
COc1cccc(OC)c1[C@@H]1C[C@H](C)C(=O)N1Cc1ccnc(OC(F)F)c1,[*]c1c(OC)cccc1OC.[*][C@]1([H])C[C@]([H])(C)C(=O)N1[*].[*]Cc1ccnc(OC(F)F)c1
COc1cccc(OC)c1[C@@H]1CCCC(=O)N1[C@@H](C)c1cnc(OC(F)F)c(Cl)c1,[*]c1c(OC)cccc1OC.[*][C@]1([H])CCCC(=O)N1[*].[*][C@@]([H])(C)c1cnc(OC(F)F)c(Cl)c1
COc1cccc(OC)c1[C@@H]1C[C@H](C)C(=O)N1Cc1ccc(OC(F)F)nc1,[*]c1c(OC)cccc1OC.[*][C@]1([H])C[C@]([H])(C)C(=O)N1[*].[*]Cc1ccc(OC(F)F)nc1
COc1cccc(OC)c1[C@@H]1C[C@H](C)CC(=O)N1Cc1ccc(OC(F)(F)F)cc1,[*]c1c(OC)cccc1OC.[*][C@]1([H])C[C@]([H])(C)CC(=O)N1[*].[*]Cc1ccc(OC(F)(F)F)cc1
COc1cccc(OC)c1[C@@H]1CCCC(=O)N1[C@H]1CCc2ccc(OC(F)(F)F)cc21,[*]c1c(OC)cccc1OC.[*][C@]1([H])CCCC(=O)N1[*].[*][C@@]1([H])CCc2ccc(OC(F)(F)F)cc21
COc1cccc(OC)c1[C@@H]1C[C@H](C)C(=O)N1Cc1cccc(OC(F)F)n1,[*]c1c(OC)cccc1OC.[*][C@]1([H])C[C@]([H])(C)C(=O)N1[*].[*]Cc1cccc(OC(F)F)n1
COc1cccc(OC)c1[C@@H]1[C@H]2C[C@@H]2C(=O)N1Cc1ccc(OC(F)(F)F)cc1,[*]c1c(OC)cccc1OC.[*][C@@]1([H])N([*])C(=O)[C@@]2([H])C[C@@]21[H].[*]Cc1ccc(OC(F)(F)F)cc1
CC[C@@H](c1ccc(OC(F)(F)F)cc1)N1C(=O)CCC[C@H]1c1c(OC)cccc1OC,[*]c1c(OC)cccc1OC.[*][C@]1([H])CCCC(=O)N1[*].[*][C@@]([H])(CC)c1ccc(OC(F)(F)F)cc1
COc1cccc(OC)c1[C@@H]1C[C@H](C)C(=O)N1Cc1cc(OC(F)F)ccn1,[*]c1c(OC)cccc1OC.[*][C@]1([H])C[C@]([H])(C)C(=O)N1[*].[*]Cc1cc(OC(F)F)ccn1
COc1cccc(OC)c1[C@@H]1C[C@H](c2ccccc2)CC(=O)N1Cc1ccc(OC(F)(F)F)cc1,[*]c1c(OC)cccc1OC.[*][C@]1([H])C[C@]([H])(c2ccccc2)CC(=O)N1[*].[*]Cc1ccc(OC(F)(F)F)cc1
CC[C@@H](c1ccc(OC(F)(F)F)cc1)N1C(=O)[C@@H](C)C[C@H]1c1c(OC)cccc1OC,[*]c1c(OC)cccc1OC.[*][C@]1([H])C[C@]([H])(C)C(=O)N1[*].[*][C@@]([H])(CC)c1ccc(OC(F)(F)F)cc1
COc1cccc(OC)c1[C@@H]1C[C@H](C)C(=O)N1[C@H]1CCc2ccc(OC(F)(F)F)cc21,[*]c1c(OC)cccc1OC.[*][C@]1([H])C[C@]([H])(C)C(=O)N1[*].[*][C@@]1([H])CCc2ccc(OC(F)(F)F)cc21
COc1cccc(OC)c1[C@@H]1CC(C)(C)C(=O)N1Cc1ccc(OC(F)(F)F)cc1,[*]c1c(OC)cccc1OC.[*][C@]1([H])CC(C)(C)C(=O)N1[*].[*]Cc1ccc(OC(F)(F)F)cc1
COc1cccc(OC)c1[C@@H]1CCCC(=O)N1Cc1ccc2sc(C)nc2c1,[*]c1c(OC)cccc1OC.[*][C@]1([H])CCCC(=O)N1[*].[*]Cc1ccc2sc(C)nc2c1
COc1cccc(OC)c1[C@@H]1C[C@@H](C)C(=O)N1Cc1ccc(OC(F)(F)F)cc1,[*]c1c(OC)cccc1OC.[*][C@]1([H])C[C@@]([H])(C)C(=O)N1[*].[*]Cc1ccc(OC(F)(F)F)cc1
COc1cccc(OC)c1[C@@H]1CCCC(=O)N1Cc1ccc2ccccc2n1,[*]c1c(OC)cccc1OC.[*][C@]1([H])CCCC(=O)N1[*].[*]Cc1ccc2ccccc2n1
COc1cccc(OC)c1[C@@H]1CCCC(=O)N1Cc1cccc(-c2ccccc2)c1,[*]c1c(OC)cccc1OC.[*][C@]1([H])CCCC(=O)N1[*].[*]Cc1cccc(-c2ccccc2)c1
COc1cccc(OC)c1[C@@H]1C[C@H](Cl)C(=O)N1Cc1ccc(OC(F)(F)F)cc1,[*]c1c(OC)cccc1OC.[*][C@]1([H])C[C@]([H])(Cl)C(=O)N1[*].[*]Cc1ccc(OC(F)(F)F)cc1
COc1cccc(OC)c1[C@@H]1CCCC(=O)N1Cc1ccc2ccccc2c1,[*]c1c(OC)cccc1OC.[*][C@]1([H])CCCC(=O)N1[*].[*]Cc1ccc2ccccc2c1
COc1cccc(OC)c1[C@@H]1C[C@H](C)C(=O)N1Cc1ccc(OC(F)(F)F)cc1,[*]c1c(OC)cccc1OC.[*][C@]1([H])C[C@]([H])(C)C(=O)N1[*].[*]Cc1ccc(OC(F)(F)F)cc1
COc1ccc2cc(CN3C(=O)CCC[C@H]3c3c(OC)cccc3OC)ccc2c1,[*]c1c(OC)cccc1OC.[*][C@]1([H])CCCC(=O)N1[*].[*]Cc1ccc2cc(OC)ccc2c1
COc1cccc(OC)c1[C@@H]1CCCC(=O)N1Cc1cc2ccccc2n1C,[*]c1c(OC)cccc1OC.[*][C@]1([H])CCCC(=O)N1[*].[*]Cc1cc2ccccc2n1C
COc1cccc(OC)c1[C@@H]1CCCC(=O)N1Cc1cccc(OC(F)(F)F)c1,[*]c1c(OC)cccc1OC.[*][C@]1([H])CCCC(=O)N1[*].[*]Cc1cccc(OC(F)(F)F)c1
COc1cccc(OC)c1[C@@H]1CCC(=O)N1Cc1ccc2ccccc2c1,[*]c1c(OC)cccc1OC.[*][C@]1([H])CCC(=O)N1[*].[*]Cc1ccc2ccccc2c1
COc1cccc(OC)c1[C@@H]1C[C@@H](Cl)C(=O)N1Cc1ccc(OC(F)(F)F)cc1,[*]c1c(OC)cccc1OC.[*][C@]1([H])C[C@@]([H])(Cl)C(=O)N1[*].[*]Cc1ccc(OC(F)(F)F)cc1
COc1cccc(OC)c1[C@@H]1C[C@H](OC)C(=O)N1Cc1ccc(OC(F)(F)F)cc1,[*]c1c(OC)cccc1OC.[*][C@]1([H])C[C@]([H])(OC)C(=O)N1[*].[*]Cc1ccc(OC(F)(F)F)cc1
COc1cccc(OC)c1[C@@H]1CCCC(=O)N1Cc1cnc(OC(F)F)c(Cl)c1,[*]c1c(OC)cccc1OC.[*][C@]1([H])CCCC(=O)N1[*].[*]Cc1cnc(OC(F)F)c(Cl)c1
COc1cccc(OC)c1[C@@H]1CCCC(=O)N1Cc1ccc2sccc2c1,[*]c1c(OC)cccc1OC.[*][C@]1([H])CCCC(=O)N1[*].[*]Cc1ccc2sccc2c1
COc1cccc(OC)c1[C@@H]1CCCC(=O)N1Cc1cccc(OC(F)F)c1,[*]c1c(OC)cccc1OC.[*][C@]1([H])CCCC(=O)N1[*].[*]Cc1cccc(OC(F)F)c1
COc1cccc(OC)c1[C@@H]1CCCC(=O)N1Cc1cccc(Oc2ccccc2)c1,[*]c1c(OC)cccc1OC.[*][C@]1([H])CCCC(=O)N1[*].[*]Cc1cccc(Oc2ccccc2)c1
COc1cccc(OC)c1[C@@H]1CCC(=O)N1Cc1cnc2ccccc2c1,[*]c1c(OC)cccc1OC.[*][C@]1([H])CCC(=O)N1[*].[*]Cc1cnc2ccccc2c1
COc1cc(Cl)cc(OC)c1[C@@H]1CCCC(=O)N1Cc1ccc(OC(F)(F)F)cc1,[*]c1c(OC)cc(Cl)cc1OC.[*][C@]1([H])CCCC(=O)N1[*].[*]Cc1ccc(OC(F)(F)F)cc1
COc1cccc(OC)c1[C@@H]1CCCC(=O)N1Cc1ccc(OC(F)F)cn1,[*]c1c(OC)cccc1OC.[*][C@]1([H])CCCC(=O)N1[*].[*]Cc1ccc(OC(F)F)cn1
COc1cccc(OC)c1[C@@H]1CCCCC(=O)N1Cc1ccc(OC(F)(F)F)cc1,[*]c1c(OC)cccc1OC.[*][C@]1([H])CCCCC(=O)N1[*].[*]Cc1ccc(OC(F)(F)F)cc1
COc1cccc(OC)c1[C@@H]1CCCC(=O)N1Cc1ccc2oc(C)nc2c1,[*]c1c(OC)cccc1OC.[*][C@]1([H])CCCC(=O)N1[*].[*]Cc1ccc2oc(C)nc2c1
COc1cccc(OC)c1[C@@H]1[C@@H](CF)CCC(=O)N1Cc1ccc(OC(F)(F)F)cc1,[*]c1c(OC)cccc1OC.[*][C@@]1([H])N([*])C(=O)CC[C@]1([H])CF.[*]Cc1ccc(OC(F)(F)F)cc1
COc1cccc(OC)c1[C@@H]1CCCC(=O)N1Cc1ccc2c(c1)OC(F)(F)O2,[*]c1c(OC)cccc1OC.[*][C@]1([H])CCCC(=O)N1[*].[*]Cc1ccc2c(c1)OC(F)(F)O2
COc1cccc(OC)c1[C@@H]1CCCC(=O)N1Cc1ccc(OC(F)(F)F)cc1,[*]c1c(OC)cccc1OC.[*][C@]1([H])CCCC(=O)N1[*].[*]Cc1ccc(OC(F)(F)F)cc1
COc1cccc(OC)c1[C@@H]1C[C@@H](F)C(=O)N1Cc1ccc(OC(F)(F)F)cc1,[*]c1c(OC)cccc1OC.[*][C@]1([H])C[C@@]([H])(F)C(=O)N1[*].[*]Cc1ccc(OC(F)(F)F)cc1
COc1cccc(OC)c1[C@@H]1CCCC(=O)N1Cc1ccc(OCCF)cc1,[*]c1c(OC)cccc1OC.[*][C@]1([H])CCCC(=O)N1[*].[*]Cc1ccc(OCCF)cc1
COc1cc(OC)c([C@@H]2CCCC(=O)N2Cc2ccc(OC(F)(F)F)cc2)c(OC)c1,[*]c1c(OC)cc(OC)cc1OC.[*][C@]1([H])CCCC(=O)N1[*].[*]Cc1ccc(OC(F)(F)F)cc1
COc1cccc(OC)c1[C@@H]1CCCC(=O)N1Cc1ccc(OC(F)F)nc1,[*]c1c(OC)cccc1OC.[*][C@]1([H])CCCC(=O)N1[*].[*]Cc1ccc(OC(F)F)nc1
COc1cccc(OC)c1[C@@H]1[C@@H](C#N)CC(=O)N1Cc1ccc(OC(F)(F)F)cc1,[*]c1c(OC)cccc1OC.[*][C@@]1([H])N([*])C(=O)C[C@]1([H])C#N.[*]Cc1ccc(OC(F)(F)F)cc1
COc1cccc(OC)c1[C@@H]1CCCC(=O)N1Cc1ccc(Oc2ccccc2)nc1,[*]c1c(OC)cccc1OC.[*][C@]1([H])CCCC(=O)N1[*].[*]Cc1ccc(Oc2ccccc2)nc1
COc1cccc(OC)c1[C@@H]1CCCC(=O)N1Cc1ccccc1Oc1ccccc1,[*]c1c(OC)cccc1OC.[*][C@]1([H])CCCC(=O)N1[*].[*]Cc1ccccc1Oc1ccccc1
COc1cccc(OC)c1[C@@H]1CCC(=O)N1Cc1ccc2ccccc2n1,[*]c1c(OC)cccc1OC.[*][C@]1([H])CCC(=O)N1[*].[*]Cc1ccc2ccccc2n1
COc1cccc(OC)c1[C@@H]1CCCC(=O)N1Cc1ccc2c(ccn2C)c1,[*]c1c(OC)cccc1OC.[*][C@]1([H])CCCC(=O)N1[*].[*]Cc1ccc2c(ccn2C)c1
C=C1C[C@@H](c2c(OC)cccc2OC)N(Cc2ccc(OC(F)(F)F)cc2)C1=O,[*]c1c(OC)cccc1OC.[*][C@]1([H])CC(=C)C(=O)N1[*].[*]Cc1ccc(OC(F)(F)F)cc1
CC[C@H]1C[C@@H](c2c(OC)cccc2OC)N(Cc2ccc(OC(F)(F)F)cc2)C1=O,[*]c1c(OC)cccc1OC.[*][C@]1([H])C[C@]([H])(CC)C(=O)N1[*].[*]Cc1ccc(OC(F)(F)F)cc1
COc1cccc(OC)c1[C@@H]1CCC(=O)N1Cc1cnc(OC(F)F)c(Cl)c1,[*]c1c(OC)cccc1OC.[*][C@]1([H])CCC(=O)N1[*].[*]Cc1cnc(OC(F)F)c(Cl)c1
COc1cccc(OC)c1[C@@H]1CCCC(=O)N1Cc1ccc(OCC(F)(F)F)cc1,[*]c1c(OC)cccc1OC.[*][C@]1([H])CCCC(=O)N1[*].[*]Cc1ccc(OCC(F)(F)F)cc1
COc1ccc(CN2C(=O)CCC[C@H]2c2c(OC)cccc2OC)cc1,[*]c1c(OC)cccc1OC.[*][C@]1([H])CCCC(=O)N1[*].[*]Cc1ccc(OC)cc1
COc1cccc(OC)c1[C@@H]1CCCC(=O)N1Cc1cccc(OC(F)F)n1,[*]c1c(OC)cccc1OC.[*][C@]1([H])CCCC(=O)N1[*].[*]Cc1cccc(OC(F)F)n1
COc1cccc(OC)c1[C@@H]1CCCC(=O)N1Cc1ccc(Cl)cc1,[*]c1c(OC)cccc1OC.[*][C@]1([H])CCCC(=O)N1[*].[*]Cc1ccc(Cl)cc1
COc1cccc(F)c1[C@@H]1C[C@H](O)C(=O)N1Cc1ccc(OC(F)(F)F)cc1,[*]c1c(F)cccc1OC.[*][C@]1([H])C[C@]([H])(O)C(=O)N1[*].[*]Cc1ccc(OC(F)(F)F)cc1
COc1cccc(OC)c1[C@@H]1CCCC(=O)N1Cc1cc2ccccc2s1,[*]c1c(OC)cccc1OC.[*][C@]1([H])CCCC(=O)N1[*].[*]Cc1cc2ccccc2s1
CCOc1ccccc1[C@@H]1CCC(=O)N1Cc1ccc(OC(F)(F)F)cc1,[*]c1ccccc1OCC.[*][C@]1([H])CCC(=O)N1[*].[*]Cc1ccc(OC(F)(F)F)cc1
COc1cccc(OC)c1[C@@H]1C[C@H](O)C(=O)N1Cc1ccc(OC(F)(F)F)cc1,[*]c1c(OC)cccc1OC.[*][C@]1([H])C[C@]([H])(O)C(=O)N1[*].[*]Cc1ccc(OC(F)(F)F)cc1
COc1cccc(OC)c1[C@@H]1C[C@@H](O)C(=O)N1Cc1ccc(OC(F)(F)F)cc1,[*]c1c(OC)cccc1OC.[*][C@]1([H])C[C@@]([H])(O)C(=O)N1[*].[*]Cc1ccc(OC(F)(F)F)cc1
COc1cccc(OC)c1[C@@H]1CC(=O)C(=O)N1Cc1ccc(OC(F)(F)F)cc1,[*]c1c(OC)cccc1OC.[*][C@]1([H])CC(=O)C(=O)N1[*].[*]Cc1ccc(OC(F)(F)F)cc1
COC[C@H]1CC(=O)N(Cc2ccc(OC(F)(F)F)cc2)[C@@H]1c1c(OC)cccc1OC,[*]c1c(OC)cccc1OC.[*][C@@]1([H])N([*])C(=O)C[C@]1([H])COC.[*]Cc1ccc(OC(F)(F)F)cc1
COc1cccc(OC)c1[C@@H]1CCCC(=O)N1Cc1ccc(N2CCCC2)cc1,[*]c1c(OC)cccc1OC.[*][C@]1([H])CCCC(=O)N1[*].[*]Cc1ccc(N2CCCC2)cc1
COc1cccc(OC)c1[C@@H]1CCCC(=O)N1Cc1ccc(-c2ccccc2)cc1,[*]c1c(OC)cccc1OC.[*][C@]1([H])CCCC(=O)N1[*].[*]Cc1ccc(-c2ccccc2)cc1
COC(=O)[C@H]1CCC(=O)N(Cc2ccc(OC(F)(F)F)cc2)[C@@H]1c1c(OC)cccc1OC,[*]c1c(OC)cccc1OC.[*][C@@]1([H])N([*])C(=O)CC[C@]1([H])C(=O)OC.[*]Cc1ccc(OC(F)(F)F)cc1
COc1cccc(OC)c1[C@@H]1CCC(C)(C)C(=O)N1Cc1ccc(OC(F)(F)F)cc1,[*]c1c(OC)cccc1OC.[*][C@]1([H])CCC(C)(C)C(=O)N1[*].[*]Cc1ccc(OC(F)(F)F)cc1
COc1cccc(OC)c1[C@@H]1CCCC(=O)N1Cc1cc2ccccc2o1,[*]c1c(OC)cccc1OC.[*][C@]1([H])CCCC(=O)N1[*].[*]Cc1cc2ccccc2o1
COc1cccc(OC)c1[C@@H]1CCCC(=O)N1Cc1ccc(F)cc1,[*]c1c(OC)cccc1OC.[*][C@]1([H])CCCC(=O)N1[*].[*]Cc1ccc(F)cc1
COc1cccc(OC)c1[C@@H]1CCCC(=O)N1Cc1ccc(-n2cccc2)cc1,[*]c1c(OC)cccc1OC.[*][C@]1([H])CCCC(=O)N1[*].[*]Cc1ccc(-n2cccc2)cc1
COc1ccccc1[C@@H]1CCCC(=O)N1Cc1ccc2ccccc2c1,[*]c1ccccc1OC.[*][C@]1([H])CCCC(=O)N1[*].[*]Cc1ccc2ccccc2c1
COc1cccc(OC)c1[C@@H]1CC(C)(C)CC(=O)N1Cc1ccc(OC(F)(F)F)cc1,[*]c1c(OC)cccc1OC.[*][C@]1([H])CC(C)(C)CC(=O)N1[*].[*]Cc1ccc(OC(F)(F)F)cc1
COc1cccc(OC)c1[C@@H]1CCCC(=O)N1Cc1ccc(-n2cccn2)cc1,[*]c1c(OC)cccc1OC.[*][C@]1([H])CCCC(=O)N1[*].[*]Cc1ccc(-n2cccn2)cc1
COc1cc(OC)c([C@@H]2CCC(=O)N2Cc2ccc(OC(F)(F)F)cc2)c(OC)c1,[*]c1c(OC)cc(OC)cc1OC.[*][C@]1([H])CCC(=O)N1[*].[*]Cc1ccc(OC(F)(F)F)cc1
COc1cccc(OC)c1[C@@H]1CCCC(=O)N1Cc1ccccc1-c1ccccc1,[*]c1c(OC)cccc1OC.[*][C@]1([H])CCCC(=O)N1[*].[*]Cc1ccccc1-c1ccccc1
COc1cccc(OC)c1[C@@H]1C[C@@H](N)C(=O)N1Cc1ccc(OC(F)(F)F)cc1,[*]c1c(OC)cccc1OC.[*][C@]1([H])C[C@@]([H])(N)C(=O)N1[*].[*]Cc1ccc(OC(F)(F)F)cc1
COc1cccc(OC)c1[C@@H]1CCCC(=O)N1Cc1ccc2c(c1)CCCN2,[*]c1c(OC)cccc1OC.[*][C@]1([H])CCCC(=O)N1[*].[*]Cc1ccc2c(c1)CCCN2
COc1cccc(OC)c1[C@@H]1[C@@H](NC(=O)OCc2ccccc2)CCC(=O)N1Cc1ccc(OC(F)(F)F)cc1,[*]c1c(OC)cccc1OC.[*][C@@]1([H])N([*])C(=O)CC[C@]1([H])NC(=O)OCc1ccccc1.[*]Cc1ccc(OC(F)(F)F)cc1
COC[C@H]1CCC(=O)N(Cc2ccc(OC(F)(F)F)cc2)[C@@H]1c1c(OC)cccc1OC,[*]c1c(OC)cccc1OC.[*][C@@]1([H])N([*])C(=O)CC[C@]1([H])COC.[*]Cc1ccc(OC(F)(F)F)cc1
COc1cccc(OC)c1[C@@H]1[C@@H](CO)CC(=O)N1Cc1ccc(OC(F)(F)F)cc1,[*]c1c(OC)cccc1OC.[*][C@@]1([H])N([*])C(=O)C[C@]1([H])CO.[*]Cc1ccc(OC(F)(F)F)cc1
COc1cccc(OC)c1[C@@H]1[C@@H](CO)CCC(=O)N1Cc1ccc(OC(F)(F)F)cc1,[*]c1c(OC)cccc1OC.[*][C@@]1([H])N([*])C(=O)CC[C@]1([H])CO.[*]Cc1ccc(OC(F)(F)F)cc1
COC(=O)[C@H]1CC(=O)N(Cc2ccc(OC(F)(F)F)cc2)[C@@H]1c1c(OC)cccc1OC,[*]c1c(OC)cccc1OC.[*][C@@]1([H])N([*])C(=O)C[C@]1([H])C(=O)OC.[*]Cc1ccc(OC(F)(F)F)cc1
COc1cccc(OC)c1[C@@H]1CCCC(=O)N1Cc1ccc2nonc2c1,[*]c1c(OC)cccc1OC.[*][C@]1([H])CCCC(=O)N1[*].[*]Cc1ccc2nonc2c1
CN[C@@H]1C[C@@H](c2c(OC)cccc2OC)N(Cc2ccc(OC(F)(F)F)cc2)C1=O,[*]c1c(OC)cccc1OC.[*][C@]1([H])C[C@@]([H])(NC)C(=O)N1[*].[*]Cc1ccc(OC(F)(F)F)cc1
COc1cccc(OC)c1[C@@H]1CCCC(=O)N1Cc1ccccc1,[*]c1c(OC)cccc1OC.[*][C@]1([H])CCCC(=O)N1[*].[*]Cc1ccccc1
O=C1CCC[C@@H](c2ccccc2)N1Cc1ccc(OC(F)(F)F)cc1,[*]c1ccccc1.[*][C@]1([H])CCCC(=O)N1[*].[*]Cc1ccc(OC(F)(F)F)cc1
O=C1CCC[C@@H](c2ccccc2)N1Cc1ccc2ccccc2c1,[*]c1ccccc1.[*][C@]1([H])CCCC(=O)N1[*].[*]Cc1ccc2ccccc2c1
COc1cccc(OC)c1[C@@H]1[C@@H](C#N)CCC(=O)N1Cc1ccc(OC(F)(F)F)cc1,[*]c1c(OC)cccc1OC.[*][C@@]1([H])N([*])C(=O)CC[C@]1([H])C#N.[*]Cc1ccc(OC(F)(F)F)cc1
O=C1CCC[C@@H](c2ccccc2C(F)(F)F)N1Cc1ccccc1,[*]c1ccccc1C(F)(F)F.[*][C@]1([H])CCCC(=O)N1[*].[*]Cc1ccccc1
COc1cccc(OC)c1[C@@H]1C[C@@H](OC)C(=O)N1Cc1ccc(OC(F)(F)F)cc1,[*]c1c(OC)cccc1OC.[*][C@]1([H])C[C@@]([H])(OC)C(=O)N1[*].[*]Cc1ccc(OC(F)(F)F)cc1
COc1ccccc1[C@@H]1CCCC(=O)N1Cc1ccc(OC(F)(F)F)cc1,[*]c1ccccc1OC.[*][C@]1([H])CCCC(=O)N1[*].[*]Cc1ccc(OC(F)(F)F)cc1
COc1cccc(OC)c1[C@@H]1C[C@@H](N(C)C)C(=O)N1Cc1ccc(OC(F)(F)F)cc1,[*]c1c(OC)cccc1OC.[*][C@]1([H])C[C@@]([H])(N(C)C)C(=O)N1[*].[*]Cc1ccc(OC(F)(F)F)cc1
CCO[C@H]1C[C@@H](c2c(OC)cccc2OC)N(Cc2ccc(OC(F)(F)F)cc2)C1=O,[*]c1c(OC)cccc1OC.[*][C@]1([H])C[C@]([H])(OCC)C(=O)N1[*].[*]Cc1ccc(OC(F)(F)F)cc1
COc1cccc(OC)c1[C@@H]1CCCC(=O)N1Cc1cc(OC(F)F)ccn1,[*]c1c(OC)cccc1OC.[*][C@]1([H])CCCC(=O)N1[*].[*]Cc1cc(OC(F)F)ccn1
COc1cccc(OC)c1[C@@H]1CCCC(=O)N1Cc1cnc2ccccc2c1,[*]c1c(OC)cccc1OC.[*][C@]1([H])CCCC(=O)N1[*].[*]Cc1cnc2ccccc2c1
O=C1CCC[C@@H](c2ccccc2C(F)(F)F)N1CCc1ccccc1,[*]c1ccccc1C(F)(F)F.[*][C@]1([H])CCCC(=O)N1[*].[*]CCc1ccccc1
COc1cccc(OC)c1[C@@H]1C[C@H](NC(=O)OC(C)(C)C)C(=O)N1Cc1ccc(OC(F)(F)F)cc1,[*]c1c(OC)cccc1OC.[*][C@]1([H])C[C@]([H])(NC(=O)OC(C)(C)C)C(=O)N1[*].[*]Cc1ccc(OC(F)(F)F)cc1
COc1cccc(OC)c1[C@@H]1[C@@H](N(C)C)CCC(=O)N1Cc1ccc(OC(F)(F)F)cc1,[*]c1c(OC)cccc1OC.[*][C@@]1([H])N([*])C(=O)CC[C@]1([H])N(C)C.[*]Cc1ccc(OC(F)(F)F)cc1
CN[C@H]1CCC(=O)N(Cc2ccc(OC(F)(F)F)cc2)[C@@H]1c1c(OC)cccc1OC,[*]c1c(OC)cccc1OC.[*][C@@]1([H])N([*])C(=O)CC[C@]1([H])NC.[*]Cc1ccc(OC(F)(F)F)cc1
COc1cccc(OC)c1[C@@H]1C[C@H](OCc2ccccc2)C(=O)N1Cc1ccc(OC(F)(F)F)cc1,[*]c1c(OC)cccc1OC.[*][C@]1([H])C[C@]([H])(OCc2ccccc2)C(=O)N1[*].[*]Cc1ccc(OC(F)(F)F)cc1
COc1cccc(OC)c1[C@@H]1[C@@H](N)CCC(=O)N1Cc1ccc(OC(F)(F)F)cc1,[*]c1c(OC)cccc1OC.[*][C@@]1([H])N([*])C(=O)CC[C@]1([H])N.[*]Cc1ccc(OC(F)(F)F)cc1
CN[C@H]1C[C@@H](c2c(OC)cccc2OC)N(Cc2ccc(OC(F)(F)F)cc2)C1=O,[*]c1c(OC)cccc1OC.[*][C@]1([H])C[C@]([H])(NC)C(=O)N1[*].[*]Cc1ccc(OC(F)(F)F)cc1
COc1cccc(OC)c1[C@@H]1C[C@@H](OC(=O)c2ccc([N+](=O)[O-])cc2)C(=O)N1Cc1ccc(OC(F)(F)F)cc1,[*]c1c(OC)cccc1OC.[*][C@]1([H])C[C@@]([H])(OC(=O)c2ccc([N+](=O)[O-])cc2)C(=O)N1[*].[*]Cc1ccc(OC(F)(F)F)cc1
COc1cccc(OC)c1[C@@H]1[C@@H](C(C)C)CCC(=O)N1Cc1ccc(OC(F)(F)F)cc1,[*]c1c(OC)cccc1OC.[*][C@@]1([H])N([*])C(=O)CC[C@]1([H])C(C)C.[*]Cc1ccc(OC(F)(F)F)cc1
COc1ccc([C@@H]2CCC(=O)N2Cc2ccc(OC(F)(F)F)cc2)c(OC)c1,[*]c1ccc(OC)cc1OC.[*][C@]1([H])CCC(=O)N1[*].[*]Cc1ccc(OC(F)(F)F)cc1
COc1cccc(OC)c1[C@@H]1[C@@H](C(N)=O)CC(=O)N1Cc1ccc(OC(F)(F)F)cc1,[*]c1c(OC)cccc1OC.[*][C@@]1([H])N([*])C(=O)C[C@]1([H])C(N)=O.[*]Cc1ccc(OC(F)(F)F)cc1
COc1cccc(OC)c1[C@@H]1[C@@H](C(=O)N(C)C)CC(=O)N1Cc1ccc(OC(F)(F)F)cc1,[*]c1c(OC)cccc1OC.[*][C@@]1([H])N([*])C(=O)C[C@]1([H])C(=O)N(C)C.[*]Cc1ccc(OC(F)(F)F)cc1
CNC(=O)[C@H]1CC(=O)N(Cc2ccc(OC(F)(F)F)cc2)[C@@H]1c1c(OC)cccc1OC,[*]c1c(OC)cccc1OC.[*][C@@]1([H])N([*])C(=O)C[C@]1([H])C(=O)NC.[*]Cc1ccc(OC(F)(F)F)cc1
O=C1CCC[C@@H](c2ccccc2C(F)(F)F)N1Cc1ccc2ccccc2c1,[*]c1ccccc1C(F)(F)F.[*][C@]1([H])CCCC(=O)N1[*].[*]Cc1ccc2ccccc2c1
O=C1CCC[C@@H](c2ccccc2C(F)(F)F)N1Cc1ccc(OC(F)(F)F)cc1,[*]c1ccccc1C(F)(F)F.[*][C@]1([H])CCCC(=O)N1[*].[*]Cc1ccc(OC(F)(F)F)cc1
COc1cccc(OC)c1[C@@H]1C[C@H](N)C(=O)N1Cc1ccc(OC(F)(F)F)cc1,[*]c1c(OC)cccc1OC.[*][C@]1([H])C[C@]([H])(N)C(=O)N1[*].[*]Cc1ccc(OC(F)(F)F)cc1
COc1cccc(OC)c1[C@@H]1CCCC(=O)N1Cc1ccc(S(C)(=O)=O)cc1,[*]c1c(OC)cccc1OC.[*][C@]1([H])CCCC(=O)N1[*].[*]Cc1ccc(S(C)(=O)=O)cc1
COc1cccc(OC)c1[C@@H]1[C@@H](N(C)C(=O)OCc2ccccc2)CCC(=O)N1Cc1ccc(OC(F)(F)F)cc1,[*]c1c(OC)cccc1OC.[*][C@@]1([H])N([*])C(=O)CC[C@]1([H])N(C)C(=O)OCc1ccccc1.[*]Cc1ccc(OC(F)(F)F)cc1
C=C(C)[C@H]1CCC(=O)N(Cc2ccc(OC(F)(F)F)cc2)[C@@H]1c1c(OC)cccc1OC,[*]c1c(OC)cccc1OC.[*][C@@]1([H])N([*])C(=O)CC[C@]1([H])C(=C)C.[*]Cc1ccc(OC(F)(F)F)cc1
CNC[C@H]1CCC(=O)N(Cc2ccc(OC(F)(F)F)cc2)[C@@H]1c1c(OC)cccc1OC,[*]c1c(OC)cccc1OC.[*][C@@]1([H])N([*])C(=O)CC[C@]1([H])CNC.[*]Cc1ccc(OC(F)(F)F)cc1
COc1cccc(OC)c1[C@@H]1C[C@H](N(C)C)C(=O)N1Cc1ccc(OC(F)(F)F)cc1,[*]c1c(OC)cccc1OC.[*][C@]1([H])C[C@]([H])(N(C)C)C(=O)N1[*].[*]Cc1ccc(OC(F)(F)F)cc1
COc1cccc(OC)c1[C@@H]1[C@@H](C(=O)O)CCC(=O)N1Cc1ccc(OC(F)(F)F)cc1,[*]c1c(OC)cccc1OC.[*][C@@]1([H])N([*])C(=O)CC[C@]1([H])C(=O)O.[*]Cc1ccc(OC(F)(F)F)cc1
COc1cccc(OC)c1[C@@H]1CCCC(=O)N1CCc1ccccc1,[*]c1c(OC)cccc1OC.[*][C@]1([H])CCCC(=O)N1[*].[*]CCc1ccccc1
COc1cccc(OC)c1[C@@H]1[C@@H](COCc2ccccc2)CCC(=O)N1Cc1ccc(OC(F)(F)F)cc1,[*]c1c(OC)cccc1OC.[*][C@@]1([H])N([*])C(=O)CC[C@]1([H])COCc1ccccc1.[*]Cc1ccc(OC(F)(F)F)cc1
COc1ccccc1[C@@H]1CCCC(=O)N1Cc1ccccc1,[*]c1ccccc1OC.[*][C@]1([H])CCCC(=O)N1[*].[*]Cc1ccccc1
COc1ccccc1[C@@H]1CCCC(=O)N1CCc1ccccc1,[*]c1ccccc1OC.[*][C@]1([H])CCCC(=O)N1[*].[*]CCc1ccccc1
COc1cccc(OC)c1[C@@H]1CCCC(=O)N1c1ccc(OC(F)(F)F)cc1,[*]c1c(OC)cccc1OC.[*][C@]1([H])CCCC(=O)N1[*].[*]c1ccc(OC(F)(F)F)cc1
COc1cccc(OC)c1[C@@H]1CCCC(=O)N1c1ccccc1,[*]c1c(OC)cccc1OC.[*][C@]1([H])CCCC(=O)N1[*].[*]c1ccccc1
O=C1CCC[C@@H](c2ccccc2)N1Cc1ccccc1,[*]c1ccccc1.[*][C@]1([H])CCCC(=O)N1[*].[*]Cc1ccccc1
O=C1CCC[C@@H](c2ccccc2)N1CCc1ccccc1,[*]c1ccccc1.[*][C@]1([H])CCCC(=O)N1[*].[*]CCc1ccccc1
COc1ccccc1[C@@H]1CCCC(=O)N1c1ccccc1,[*]c1ccccc1OC.[*][C@]1([H])CCCC(=O)N1[*].[*]c1ccccc1
COc1ccccc1[C@@H]1CCCC(=O)N1c1ccc(OC(F)(F)F)cc1,[*]c1ccccc1OC.[*][C@]1([H])CCCC(=O)N1[*].[*]c1ccc(OC(F)(F)F)cc1
COc1cccc(OC)c1[C@@H]1CCCC(=O)N1Cc1ccc2c(c1)nnn2C,[*]c1c(OC)cccc1OC.[*][C@]1([H])CCCC(=O)N1[*].[*]Cc1ccc2c(c1)nnn2C
COc1cccc(OC)c1[C@@H]1CCCC(=O)N1Cc1cn2ccsc2n1,[*]c1c(OC)cccc1OC.[*][C@]1([H])CCCC(=O)N1[*].[*]Cc1cn2ccsc2n1
COc1cccc(OC)c1[C@@H]1CCC(=O)N1Cc1ccc(F)cc1,[*]c1c(OC)cccc1OC.[*][C@]1([H])CCC(=O)N1[*].[*]Cc1ccc(F)cc1
COc1cccc(OC)c1[C@@H]1C[C@H](N(C)C(=O)OC(C)(C)C)C(=O)N1Cc1ccc(OC(F)(F)F)cc1,[*]c1c(OC)cccc1OC.[*][C@]1([H])C[C@]([H])(N(C)C(=O)OC(C)(C)C)C(=O)N1[*].[*]Cc1ccc(OC(F)(F)F)cc1
CCOc1ccccc1[C@@H]1CCC(=O)N1Cc1ccc(F)cc1,[*]c1ccccc1OCC.[*][C@]1([H])CCC(=O)N1[*].[*]Cc1ccc(F)cc1
COc1cccc(OC)c1[C@@H]1[C@@H](C(=O)O)CC(=O)N1Cc1ccc(OC(F)(F)F)cc1,[*]c1c(OC)cccc1OC.[*][C@@]1([H])N([*])C(=O)C[C@]1([H])C(=O)O.[*]Cc1ccc(OC(F)(F)F)cc1
COc1cccc(OC)c1[C@@H]1[C@@H](C(N)=O)CCC(=O)N1Cc1ccc(OC(F)(F)F)cc1,[*]c1c(OC)cccc1OC.[*][C@@]1([H])N([*])C(=O)CC[C@]1([H])C(N)=O.[*]Cc1ccc(OC(F)(F)F)cc1
CNC(=O)[C@H]1CCC(=O)N(Cc2ccc(OC(F)(F)F)cc2)[C@@H]1c1c(OC)cccc1OC,[*]c1c(OC)cccc1OC.[*][C@@]1([H])N([*])C(=O)CC[C@]1([H])C(=O)NC.[*]Cc1ccc(OC(F)(F)F)cc1
COc1cccc(OC)c1[C@@H]1[C@@H](C(=O)N(C)C)CCC(=O)N1Cc1ccc(OC(F)(F)F)cc1,[*]c1c(OC)cccc1OC.[*][C@@]1([H])N([*])C(=O)CC[C@]1([H])C(=O)N(C)C.[*]Cc1ccc(OC(F)(F)F)cc1
COc1cccc(OC)c1[C@@H]1CCCC(=O)N1Cc1ccc2ncccc2c1,[*]c1c(OC)cccc1OC.[*][C@]1([H])CCCC(=O)N1[*].[*]Cc1ccc2ncccc2c1
COc1cccc(OC)c1[C@@H]1CCCC(=O)N1Cc1ccc2nsnc2c1,[*]c1c(OC)cccc1OC.[*][C@]1([H])CCCC(=O)N1[*].[*]Cc1ccc2nsnc2c1
COc1cccc(OC)c1[C@@H]1CCCC(=O)N1Cc1cn2ccccc2n1,[*]c1c(OC)cccc1OC.[*][C@]1([H])CCCC(=O)N1[*].[*]Cc1cn2ccccc2n1
COc1cccc(OC)c1[C@@H]1CCCC(=O)N1Cc1ccc2ccccc2n1,[*]c1c(OC)cccc1OC.[*][C@]1([H])CCCC(=O)N1[*].[*]Cc1ccc2ccccc2n1
COc1cccc(OC)c1C1CCCC(=O)N1Cc1ccc(OC(F)(F)F)c(Cl)c1,[*]c1c(OC)cccc1OC.[*]C1CCCC(=O)N1[*].[*]Cc1ccc(OC(F)(F)F)c(Cl)c1
CCCOc1ccc(CN2C(=O)CCCC2c2c(OC)cccc2OC)cc1,[*]c1c(OC)cccc1OC.[*]C1CCCC(=O)N1[*].[*]Cc1ccc(OCCC)cc1
CCOc1ccc(CN2C(=O)CCCC2c2c(OC)cccc2OC)cc1,[*]c1c(OC)cccc1OC.[*]C1CCCC(=O)N1[*].[*]Cc1ccc(OCC)cc1
CCOc1cccc(OC)c1C1CCCC(=O)N1Cc1ccc(OC(F)(F)F)cc1,[*]c1c(OC)cccc1OCC.[*]C1CCCC(=O)N1[*].[*]Cc1ccc(OC(F)(F)F)cc1
COc1cccc(OC)c1C1CCCC(=O)N1Cc1ccc(OC(F)F)cc1,[*]c1c(OC)cccc1OC.[*]C1CCCC(=O)N1[*].[*]Cc1ccc(OC(F)F)cc1
COc1cccc(OC)c1C1CCCC(=O)N1Cc1ccc(OC(F)(F)F)c(F)c1,[*]c1c(OC)cccc1OC.[*]C1CCCC(=O)N1[*].[*]Cc1ccc(OC(F)(F)F)c(F)c1
COc1cc(F)cc(OC)c1C1CCCC(=O)N1Cc1ccc(OC(F)(F)F)cc1,[*]c1c(OC)cc(F)cc1OC.[*]C1CCCC(=O)N1[*].[*]Cc1ccc(OC(F)(F)F)cc1
COc1cccc(OC(C)C)c1C1CCCC(=O)N1Cc1ccc(OC(F)(F)F)cc1,[*]c1c(OC)cccc1OC(C)C.[*]C1CCCC(=O)N1[*].[*]Cc1ccc(OC(F)(F)F)cc1
COc1cccc(OC)c1C1CCCC(=O)N1Cc1ccc(OC(C)C)cc1,[*]c1c(OC)cccc1OC.[*]C1CCCC(=O)N1[*].[*]Cc1ccc(OC(C)C)cc1
COc1cc(C)cc(OC)c1C1CCCC(=O)N1Cc1ccc(OC(F)(F)F)cc1,[*]c1c(OC)cc(C)cc1OC.[*]C1CCCC(=O)N1[*].[*]Cc1ccc(OC(F)(F)F)cc1
COc1cccc(OC)c1C1CCCC(=O)N1Cc1ccc(Oc2ccccc2)cc1,[*]c1c(OC)cccc1OC.[*]C1CCCC(=O)N1[*].[*]Cc1ccc(Oc2ccccc2)cc1
CCOc1cccc(OCC)c1C1CCCC(=O)N1Cc1ccc(OC(F)(F)F)cc1,[*]c1c(OCC)cccc1OCC.[*]C1CCCC(=O)N1[*].[*]Cc1ccc(OC(F)(F)F)cc1
COc1cccc(OCCCO)c1C1CCCC(=O)N1Cc1ccc(OC(F)(F)F)cc1,[*]c1c(OC)cccc1OCCCO.[*]C1CCCC(=O)N1[*].[*]Cc1ccc(OC(F)(F)F)cc1
COc1cccc(OC)c1C1CCCC(=O)N1Cc1ccc(OCC2CC2)cc1,[*]c1c(OC)cccc1OC.[*]C1CCCC(=O)N1[*].[*]Cc1ccc(OCC2CC2)cc1
COc1cccc(OC)c1C1CCCC(=O)N1Cc1ccc(C(F)(F)F)cc1,[*]c1c(OC)cccc1OC.[*]C1CCCC(=O)N1[*].[*]Cc1ccc(C(F)(F)F)cc1
COc1cccc(OC)c1C1CCCC(=O)N1Cc1ccc(SC(F)(F)F)cc1,[*]c1c(OC)cccc1OC.[*]C1CCCC(=O)N1[*].[*]Cc1ccc(SC(F)(F)F)cc1
COc1cccc(OCCO)c1C1CCCC(=O)N1Cc1ccc(OC(F)(F)F)cc1,[*]c1c(OC)cccc1OCCO.[*]C1CCCC(=O)N1[*].[*]Cc1ccc(OC(F)(F)F)cc1
COc1cccc(F)c1C1CCCC(=O)N1Cc1ccc(OC(F)(F)F)cc1,[*]c1c(F)cccc1OC.[*]C1CCCC(=O)N1[*].[*]Cc1ccc(OC(F)(F)F)cc1
COc1cccc(OC)c1C1CCCC(=O)N1Cc1ccc2c(c1)OCO2,[*]c1c(OC)cccc1OC.[*]C1CCCC(=O)N1[*].[*]Cc1ccc2c(c1)OCO2
COc1cccc(OCC2CC2)c1C1CCCC(=O)N1Cc1ccc(OC(F)(F)F)cc1,[*]c1c(OC)cccc1OCC1CC1.[*]C1CCCC(=O)N1[*].[*]Cc1ccc(OC(F)(F)F)cc1
O=C1CCCC(c2c(F)cc(F)cc2F)N1Cc1ccc(OC(F)(F)F)cc1,[*]c1c(F)cc(F)cc1F.[*]C1CCCC(=O)N1[*].[*]Cc1ccc(OC(F)(F)F)cc1
O=C1CCCC(c2c(F)ccc(F)c2F)N1Cc1ccc(OC(F)(F)F)cc1,[*]c1c(F)ccc(F)c1F.[*]C1CCCC(=O)N1[*].[*]Cc1ccc(OC(F)(F)F)cc1
O=C1CCCC(c2c(F)ccc(Cl)c2F)N1Cc1ccc(OC(F)(F)F)cc1,[*]c1c(F)ccc(Cl)c1F.[*]C1CCCC(=O)N1[*].[*]Cc1ccc(OC(F)(F)F)cc1
COCCOc1cccc(OC)c1C1CCCC(=O)N1Cc1ccc(OC(F)(F)F)cc1,[*]c1c(OC)cccc1OCCOC.[*]C1CCCC(=O)N1[*].[*]Cc1ccc(OC(F)(F)F)cc1
Cc1ccc(F)c(C2CCCC(=O)N2Cc2ccc(OC(F)(F)F)cc2)c1Cl,[*]c1c(F)ccc(C)c1Cl.[*]C1CCCC(=O)N1[*].[*]Cc1ccc(OC(F)(F)F)cc1
COc1cccc(OC(F)F)c1C1CCCC(=O)N1Cc1ccc(OC(F)(F)F)cc1,[*]c1c(OC)cccc1OC(F)F.[*]C1CCCC(=O)N1[*].[*]Cc1ccc(OC(F)(F)F)cc1
O=C1CCCC(c2c(F)cccc2Cl)N1Cc1ccc(OC(F)(F)F)cc1,[*]c1c(F)cccc1Cl.[*]C1CCCC(=O)N1[*].[*]Cc1ccc(OC(F)(F)F)cc1
Cc1ccc(Cl)c(C2CCCC(=O)N2Cc2ccc(OC(F)(F)F)cc2)c1F,[*]c1c(Cl)ccc(C)c1F.[*]C1CCCC(=O)N1[*].[*]Cc1ccc(OC(F)(F)F)cc1
O=C1CCCC(c2c(F)cccc2F)N1Cc1ccc(OC(F)(F)F)cc1,[*]c1c(F)cccc1F.[*]C1CCCC(=O)N1[*].[*]Cc1ccc(OC(F)(F)F)cc1
O=C1CCCC(c2c(Cl)cccc2Cl)N1Cc1ccc(OC(F)(F)F)cc1,[*]c1c(Cl)cccc1Cl.[*]C1CCCC(=O)N1[*].[*]Cc1ccc(OC(F)(F)F)cc1
O=C1CCCC(c2c(F)cccc2C(F)(F)F)N1Cc1ccc(OC(F)(F)F)cc1,[*]c1c(F)cccc1C(F)(F)F.[*]C1CCCC(=O)N1[*].[*]Cc1ccc(OC(F)(F)F)cc1
CCOc1ccccc1C1CCCC(=O)N1Cc1ccc(OC(F)(F)F)cc1,[*]c1ccccc1OCC.[*]C1CCCC(=O)N1[*].[*]Cc1ccc(OC(F)(F)F)cc1
COc1ccc(C2CCCC(=O)N2Cc2ccc(OC(F)(F)F)cc2)c(OC)c1,[*]c1ccc(OC)cc1OC.[*]C1CCCC(=O)N1[*].[*]Cc1ccc(OC(F)(F)F)cc1
COc1cccc(C)c1C1CCCC(=O)N1Cc1ccc(OC(F)(F)F)cc1,[*]c1c(C)cccc1OC.[*]C1CCCC(=O)N1[*].[*]Cc1ccc(OC(F)(F)F)cc1
COc1cc(F)c(C2CCCC(=O)N2Cc2ccc(OC(F)(F)F)cc2)c(F)c1,[*]c1c(F)cc(OC)cc1F.[*]C1CCCC(=O)N1[*].[*]Cc1ccc(OC(F)(F)F)cc1
COc1cccc(Cl)c1C1CCCC(=O)N1Cc1ccc(OC(F)(F)F)cc1,[*]c1c(Cl)cccc1OC.[*]C1CCCC(=O)N1[*].[*]Cc1ccc(OC(F)(F)F)cc1
Cc1ccc(F)c(C2CCCC(=O)N2Cc2ccc(OC(F)(F)F)cc2)c1F,[*]c1c(F)ccc(C)c1F.[*]C1CCCC(=O)N1[*].[*]Cc1ccc(OC(F)(F)F)cc1
COc1cccc(OCCC(F)(F)F)c1C1CCCC(=O)N1Cc1ccc(OC(F)(F)F)cc1,[*]c1c(OC)cccc1OCCC(F)(F)F.[*]C1CCCC(=O)N1[*].[*]Cc1ccc(OC(F)(F)F)cc1
Cc1cccc(C)c1C1CCCC(=O)N1Cc1ccc(OC(F)(F)F)cc1,[*]c1c(C)cccc1C.[*]C1CCCC(=O)N1[*].[*]Cc1ccc(OC(F)(F)F)cc1
O=C1CCCC(c2c(F)ccc(Cl)c2C(F)(F)F)N1Cc1ccc(OC(F)(F)F)cc1,[*]c1c(F)ccc(Cl)c1C(F)(F)F.[*]C1CCCC(=O)N1[*].[*]Cc1ccc(OC(F)(F)F)cc1
O=C1CCCC(c2ccccc2OC(F)(F)F)N1Cc1ccc(OC(F)(F)F)cc1,[*]c1ccccc1OC(F)(F)F.[*]C1CCCC(=O)N1[*].[*]Cc1ccc(OC(F)(F)F)cc1
O=C1CCCC(c2c(C(F)(F)F)ccc(Cl)c2F)N1Cc1ccc(OC(F)(F)F)cc1,[*]c1c(C(F)(F)F)ccc(Cl)c1F.[*]C1CCCC(=O)N1[*].[*]Cc1ccc(OC(F)(F)F)cc1
COc1cccc(Oc2ccccc2)c1C1CCCC(=O)N1Cc1ccc(OC(F)(F)F)cc1,[*]c1c(OC)cccc1Oc1ccccc1.[*]C1CCCC(=O)N1[*].[*]Cc1ccc(OC(F)(F)F)cc1
CC(C)Oc1cccc(OC(C)C)c1C1CCCC(=O)N1Cc1ccc(OC(F)(F)F)cc1,[*]c1c(OC(C)C)cccc1OC(C)C.[*]C1CCCC(=O)N1[*].[*]Cc1ccc(OC(F)(F)F)cc1
COc1cccc(OCc2ccccc2)c1C1CCCC(=O)N1Cc1ccc(OC(F)(F)F)cc1,[*]c1c(OC)cccc1OCc1ccccc1.[*]C1CCCC(=O)N1[*].[*]Cc1ccc(OC(F)(F)F)cc1
COc1cccc(C(F)(F)F)c1C1CCCC(=O)N1Cc1ccc(OC(F)(F)F)cc1,[*]c1c(OC)cccc1C(F)(F)F.[*]C1CCCC(=O)N1[*].[*]Cc1ccc(OC(F)(F)F)cc1
COc1cccc(OC[C@H](O)CO)c1C1CCCC(=O)N1Cc1ccc(OC(F)(F)F)cc1,[*]c1c(OC)cccc1OC[C@]([H])(O)CO.[*]C1CCCC(=O)N1[*].[*]Cc1ccc(OC(F)(F)F)cc1
COc1cccc(OC)c1[C@@H]1C[C@H](C)C(=O)N1Cc1cccc(-c2csc(C)n2)c1,[*]c1c(OC)cccc1OC.[*][C@]1([H])C[C@]([H])(C)C(=O)N1[*].[*]Cc1cccc(-c2csc(C)n2)c1
COc1cccc(OC)c1[C@@H]1C[C@H](C)C(=O)N1Cc1cccc(-c2nccs2)c1,[*]c1c(OC)cccc1OC.[*][C@]1([H])C[C@]([H])(C)C(=O)N1[*].[*]Cc1cccc(-c2nccs2)c1
COc1cccc(OC)c1[C@@H]1C[C@H](C)C(=O)N1Cc1ccc2oc3ccccc3c2c1,[*]c1c(OC)cccc1OC.[*][C@]1([H])C[C@]([H])(C)C(=O)N1[*].[*]Cc1ccc2oc3ccccc3c2c1
COc1cccc(OC)c1[C@@H]1C[C@H](C)C(=O)N1Cc1cccc(-c2ncc(C)s2)c1,[*]c1c(OC)cccc1OC.[*][C@]1([H])C[C@]([H])(C)C(=O)N1[*].[*]Cc1cccc(-c2ncc(C)s2)c1
COc1cccc(OC)c1[C@@H]1C[C@H](C)C(=O)N1Cc1ccc2sc3ccccc3c2c1,[*]c1c(OC)cccc1OC.[*][C@]1([H])C[C@]([H])(C)C(=O)N1[*].[*]Cc1ccc2sc3ccccc3c2c1
COc1cccc(OC)c1[C@@H]1C[C@H](C)C(=O)N1Cc1cccc(-n2nccn2)c1,[*]c1c(OC)cccc1OC.[*][C@]1([H])C[C@]([H])(C)C(=O)N1[*].[*]Cc1cccc(-n2nccn2)c1
COc1cccc(OC)c1[C@@H]1C[C@H](C)C(=O)N1Cc1cccc(-c2cscn2)c1,[*]c1c(OC)cccc1OC.[*][C@]1([H])C[C@]([H])(C)C(=O)N1[*].[*]Cc1cccc(-c2cscn2)c1
COc1ccnc(OC)c1[C@@H]1C[C@H](C)C(=O)N1Cc1ccc2oc3ccccc3c2c1,[*]c1c(OC)ccnc1OC.[*][C@]1([H])C[C@]([H])(C)C(=O)N1[*].[*]Cc1ccc2oc3ccccc3c2c1
COc1cccc(OC)c1[C@@H]1C[C@H](C)C(=O)N1Cc1ccc(F)c(-c2ccccn2)c1,[*]c1c(OC)cccc1OC.[*][C@]1([H])C[C@]([H])(C)C(=O)N1[*].[*]Cc1ccc(F)c(-c2ccccn2)c1
COc1cccc(OC)c1[C@@H]1C[C@H](C)C(=O)N1Cc1cccc(N2CCCC2)c1,[*]c1c(OC)cccc1OC.[*][C@]1([H])C[C@]([H])(C)C(=O)N1[*].[*]Cc1cccc(N2CCCC2)c1
COc1cccc(OC)c1[C@@H]1C[C@H](C)C(=O)N1Cc1ccnc(-c2ncc(C)s2)c1,[*]c1c(OC)cccc1OC.[*][C@]1([H])C[C@]([H])(C)C(=O)N1[*].[*]Cc1ccnc(-c2ncc(C)s2)c1
COc1cccc(OC)c1[C@@H]1C[C@H](C)C(=O)N1Cc1cccc(-c2ccccn2)c1,[*]c1c(OC)cccc1OC.[*][C@]1([H])C[C@]([H])(C)C(=O)N1[*].[*]Cc1cccc(-c2ccccn2)c1
COc1cccc(OC)c1[C@@H]1C[C@H](C)C(=O)N1Cc1ccnc(-n2cccn2)c1,[*]c1c(OC)cccc1OC.[*][C@]1([H])C[C@]([H])(C)C(=O)N1[*].[*]Cc1ccnc(-n2cccn2)c1
COc1cccc(OC)c1[C@@H]1C[C@H](C)C(=O)N1Cc1cccc(-c2ccccc2)c1,[*]c1c(OC)cccc1OC.[*][C@]1([H])C[C@]([H])(C)C(=O)N1[*].[*]Cc1cccc(-c2ccccc2)c1
COc1cccc(OC)c1[C@@H]1C[C@H](C)C(=O)N1Cc1cccc(-c2ncccn2)c1,[*]c1c(OC)cccc1OC.[*][C@]1([H])C[C@]([H])(C)C(=O)N1[*].[*]Cc1cccc(-c2ncccn2)c1
COc1cccc(OC)c1[C@@H]1C[C@H](C)C(=O)N1Cc1cccc(-c2cncs2)c1,[*]c1c(OC)cccc1OC.[*][C@]1([H])C[C@]([H])(C)C(=O)N1[*].[*]Cc1cccc(-c2cncs2)c1
COc1cccc(OC)c1[C@@H]1C[C@H](C)C(=O)N1Cc1cccc(-n2cccn2)c1,[*]c1c(OC)cccc1OC.[*][C@]1([H])C[C@]([H])(C)C(=O)N1[*].[*]Cc1cccc(-n2cccn2)c1
COc1cccc(OC)c1[C@@H]1C[C@H](C)C(=O)N1Cc1cccc(OC(F)(F)C(F)F)c1,[*]c1c(OC)cccc1OC.[*][C@]1([H])C[C@]([H])(C)C(=O)N1[*].[*]Cc1cccc(OC(F)(F)C(F)F)c1
COc1cccc(OC)c1[C@@H]1C[C@H](C)C(=O)N1Cc1cccc(-c2noc(C)n2)c1,[*]c1c(OC)cccc1OC.[*][C@]1([H])C[C@]([H])(C)C(=O)N1[*].[*]Cc1cccc(-c2noc(C)n2)c1
COc1cccc(OC)c1[C@@H]1C[C@H](C)C(=O)N1Cc1csc(-c2ccccc2)n1,[*]c1c(OC)cccc1OC.[*][C@]1([H])C[C@]([H])(C)C(=O)N1[*].[*]Cc1csc(-c2ccccc2)n1
COc1ccnc(OC)c1[C@@H]1C[C@H](C)C(=O)N1Cc1cccc(-c2csc(C)n2)c1,[*]c1c(OC)ccnc1OC.[*][C@]1([H])C[C@]([H])(C)C(=O)N1[*].[*]Cc1cccc(-c2csc(C)n2)c1
COc1cccc(OC)c1[C@@H]1C[C@H](C)C(=O)N1Cc1ccc2sc(C)nc2c1,[*]c1c(OC)cccc1OC.[*][C@]1([H])C[C@]([H])(C)C(=O)N1[*].[*]Cc1ccc2sc(C)nc2c1
COc1ccnc(OC)c1[C@@H]1C[C@H](C)C(=O)N1Cc1cccc(-c2nc(Cl)cs2)c1,[*]c1c(OC)ccnc1OC.[*][C@]1([H])C[C@]([H])(C)C(=O)N1[*].[*]Cc1cccc(-c2nc(Cl)cs2)c1
COc1cccc(OC)c1[C@@H]1C[C@H](C)C(=O)N1Cc1cccc(-c2cccnc2)c1,[*]c1c(OC)cccc1OC.[*][C@]1([H])C[C@]([H])(C)C(=O)N1[*].[*]Cc1cccc(-c2cccnc2)c1
COc1cccc(OC)c1[C@@H]1C[C@H](C)C(=O)N1Cc1ccnc(-c2ccccc2)c1,[*]c1c(OC)cccc1OC.[*][C@]1([H])C[C@]([H])(C)C(=O)N1[*].[*]Cc1ccnc(-c2ccccc2)c1
COc1cccc(OC)c1[C@@H]1C[C@H](C)C(=O)N1Cc1cccc(N2CCCCC2)c1,[*]c1c(OC)cccc1OC.[*][C@]1([H])C[C@]([H])(C)C(=O)N1[*].[*]Cc1cccc(N2CCCCC2)c1
COc1cccc(OC)c1[C@@H]1C[C@H](C)C(=O)N1Cc1ccc2ccccc2c1,[*]c1c(OC)cccc1OC.[*][C@]1([H])C[C@]([H])(C)C(=O)N1[*].[*]Cc1ccc2ccccc2c1
CCOc1cccc(F)c1[C@@H]1C[C@H](C)C(=O)N1Cc1ccnc(-c2nc(C)cs2)c1,[*]c1c(F)cccc1OCC.[*][C@]1([H])C[C@]([H])(C)C(=O)N1[*].[*]Cc1ccnc(-c2nc(C)cs2)c1
COc1cccc(OC)c1[C@@H]1C[C@H](C)C(=O)N1Cc1cccc(-c2ccccn2)c1F,[*]c1c(OC)cccc1OC.[*][C@]1([H])C[C@]([H])(C)C(=O)N1[*].[*]Cc1cccc(-c2ccccn2)c1F
COc1ccnc(OC)c1[C@@H]1C[C@H](C)C(=O)N1Cc1cccc(-c2ccccc2)c1,[*]c1c(OC)ccnc1OC.[*][C@]1([H])C[C@]([H])(C)C(=O)N1[*].[*]Cc1cccc(-c2ccccc2)c1
CCOc1cccc(F)c1[C@@H]1C[C@H](C)C(=O)N1Cc1cccc(-c2nc(Cl)cs2)c1,[*]c1c(F)cccc1OCC.[*][C@]1([H])C[C@]([H])(C)C(=O)N1[*].[*]Cc1cccc(-c2nc(Cl)cs2)c1
COc1cccc(OC)c1[C@@H]1C[C@H](C)C(=O)N1Cc1cc(Cl)cc(-c2ccccn2)c1,[*]c1c(OC)cccc1OC.[*][C@]1([H])C[C@]([H])(C)C(=O)N1[*].[*]Cc1cc(Cl)cc(-c2ccccn2)c1
COc1cccc(OC)c1[C@@H]1C[C@H](C)C(=O)N1Cc1cccc(-c2ccccc2)n1,[*]c1c(OC)cccc1OC.[*][C@]1([H])C[C@]([H])(C)C(=O)N1[*].[*]Cc1cccc(-c2ccccc2)n1
COc1cccc(OC)c1[C@@H]1C[C@H](C)C(=O)N1Cc1cc2cc(F)ccc2n1C,[*]c1c(OC)cccc1OC.[*][C@]1([H])C[C@]([H])(C)C(=O)N1[*].[*]Cc1cc2cc(F)ccc2n1C
COc1cccc(OC)c1[C@@H]1C[C@H](C)C(=O)N1Cc1cc2ccccc2n1C,[*]c1c(OC)cccc1OC.[*][C@]1([H])C[C@]([H])(C)C(=O)N1[*].[*]Cc1cc2ccccc2n1C
COc1cccc(F)c1[C@@H]1C[C@H](C)C(=O)N1Cc1ccc2oc3ccccc3c2c1,[*]c1c(F)cccc1OC.[*][C@]1([H])C[C@]([H])(C)C(=O)N1[*].[*]Cc1ccc2oc3ccccc3c2c1
CCOc1cccc(F)c1[C@@H]1C[C@H](C)C(=O)N1Cc1ccc2oc3ccccc3c2c1,[*]c1c(F)cccc1OCC.[*][C@]1([H])C[C@]([H])(C)C(=O)N1[*].[*]Cc1ccc2oc3ccccc3c2c1
COc1cccc(OC)c1[C@@H]1C[C@H](C)C(=O)N1Cc1cccc(OC(C)C)c1,[*]c1c(OC)cccc1OC.[*][C@]1([H])C[C@]([H])(C)C(=O)N1[*].[*]Cc1cccc(OC(C)C)c1
COc1cccc(OC)c1[C@@H]1C[C@H](C)C(=O)N1Cc1ccc2c(c1)c1ccccc1n2C,[*]c1c(OC)cccc1OC.[*][C@]1([H])C[C@]([H])(C)C(=O)N1[*].[*]Cc1ccc2c(c1)c1ccccc1n2C
CCOc1cccc(F)c1[C@@H]1C[C@H](C)C(=O)N1Cc1cccc(-c2ncc(C)s2)c1,[*]c1c(F)cccc1OCC.[*][C@]1([H])C[C@]([H])(C)C(=O)N1[*].[*]Cc1cccc(-c2ncc(C)s2)c1
COc1ccnc(OC)c1[C@@H]1C[C@H](C)C(=O)N1Cc1cccc(-c2ncc(C)s2)c1,[*]c1c(OC)ccnc1OC.[*][C@]1([H])C[C@]([H])(C)C(=O)N1[*].[*]Cc1cccc(-c2ncc(C)s2)c1
COc1cccc(F)c1[C@@H]1C[C@H](C)C(=O)N1Cc1cccc(-c2nc(Cl)cs2)c1,[*]c1c(F)cccc1OC.[*][C@]1([H])C[C@]([H])(C)C(=O)N1[*].[*]Cc1cccc(-c2nc(Cl)cs2)c1
COc1cccc(F)c1[C@@H]1C[C@H](C)C(=O)N1Cc1cccc(-c2ncc(C)s2)c1,[*]c1c(F)cccc1OC.[*][C@]1([H])C[C@]([H])(C)C(=O)N1[*].[*]Cc1cccc(-c2ncc(C)s2)c1
COc1cccc(OC)c1[C@@H]1C[C@H](C)C(=O)N1Cc1ccc2nc(C)sc2c1,[*]c1c(OC)cccc1OC.[*][C@]1([H])C[C@]([H])(C)C(=O)N1[*].[*]Cc1ccc2nc(C)sc2c1
Cc1nc(-c2cccc(CN3C(=O)[C@@H](C)C[C@H]3c3ccccc3-c3ccccc3)c2)cs1,[*]c1ccccc1-c1ccccc1.[*][C@]1([H])C[C@]([H])(C)C(=O)N1[*].[*]Cc1cccc(-c2csc(C)n2)c1
CCOc1cccc(F)c1[C@@H]1C[C@H](C)C(=O)N1Cc1ccnc(-c2ncc(C)s2)c1,[*]c1c(F)cccc1OCC.[*][C@]1([H])C[C@]([H])(C)C(=O)N1[*].[*]Cc1ccnc(-c2ncc(C)s2)c1
COc1cccc(OC)c1[C@@H]1C[C@H](C)C(=O)N1Cc1cccc(-n2cccn2)n1,[*]c1c(OC)cccc1OC.[*][C@]1([H])C[C@]([H])(C)C(=O)N1[*].[*]Cc1cccc(-n2cccn2)n1
COc1cccc(OC)c1[C@@H]1C[C@H](C)C(=O)N1Cc1cccc(OCC(F)(F)F)c1,[*]c1c(OC)cccc1OC.[*][C@]1([H])C[C@]([H])(C)C(=O)N1[*].[*]Cc1cccc(OCC(F)(F)F)c1
COc1cccc(OC)c1[C@@H]1C[C@H](C)C(=O)N1Cc1cccc(OCC(F)F)c1,[*]c1c(OC)cccc1OC.[*][C@]1([H])C[C@]([H])(C)C(=O)N1[*].[*]Cc1cccc(OCC(F)F)c1
COc1cccc(OC)c1[C@@H]1C[C@H](C)C(=O)N1Cc1ccc(OC(F)(F)F)c(F)c1,[*]c1c(OC)cccc1OC.[*][C@]1([H])C[C@]([H])(C)C(=O)N1[*].[*]Cc1ccc(OC(F)(F)F)c(F)c1
COc1cccc(F)c1[C@@H]1C[C@H](C)C(=O)N1Cc1ccnc(-c2nc(C)cs2)c1,[*]c1c(F)cccc1OC.[*][C@]1([H])C[C@]([H])(C)C(=O)N1[*].[*]Cc1ccnc(-c2nc(C)cs2)c1
COc1cccc(OC)c1[C@@H]1C[C@H](C)C(=O)N1Cc1ccc(OC(F)F)c(Cl)c1,[*]c1c(OC)cccc1OC.[*][C@]1([H])C[C@]([H])(C)C(=O)N1[*].[*]Cc1ccc(OC(F)F)c(Cl)c1
COc1cccc(OC)c1[C@@H]1C[C@H](C)C(=O)N1Cc1ccc(OC(F)(F)C(F)F)cc1,[*]c1c(OC)cccc1OC.[*][C@]1([H])C[C@]([H])(C)C(=O)N1[*].[*]Cc1ccc(OC(F)(F)C(F)F)cc1
COc1cccc(OC)c1[C@@H]1C[C@H](C)C(=O)N1Cc1ccc2c(ccn2C)c1,[*]c1c(OC)cccc1OC.[*][C@]1([H])C[C@]([H])(C)C(=O)N1[*].[*]Cc1ccc2c(ccn2C)c1
COc1cccc(OC)c1[C@@H]1C[C@H](C)C(=O)N1Cc1ccc2ccccc2n1,[*]c1c(OC)cccc1OC.[*][C@]1([H])C[C@]([H])(C)C(=O)N1[*].[*]Cc1ccc2ccccc2n1
COc1cccc(OC)c1[C@@H]1C[C@H](C)C(=O)N1Cc1cnn(-c2ccccc2)c1,[*]c1c(OC)cccc1OC.[*][C@]1([H])C[C@]([H])(C)C(=O)N1[*].[*]Cc1cnn(-c2ccccc2)c1
CCOc1cccc(F)c1[C@@H]1C[C@H](C)C(=O)N1Cc1csc(-c2ccc(C)cc2)n1,[*]c1c(F)cccc1OCC.[*][C@]1([H])C[C@]([H])(C)C(=O)N1[*].[*]Cc1csc(-c2ccc(C)cc2)n1
COc1cccc(OC)c1[C@@H]1C[C@H](C)C(=O)N1Cc1ccc(OC(C)C)cc1,[*]c1c(OC)cccc1OC.[*][C@]1([H])C[C@]([H])(C)C(=O)N1[*].[*]Cc1ccc(OC(C)C)cc1
COc1cccc(OC)c1[C@@H]1C[C@H](C)C(=O)N1Cc1ccc(OC(F)F)cc1,[*]c1c(OC)cccc1OC.[*][C@]1([H])C[C@]([H])(C)C(=O)N1[*].[*]Cc1ccc(OC(F)F)cc1
COc1cccc(OC)c1[C@@H]1C[C@H](C)C(=O)N1Cc1ccc(SC(F)(F)F)cc1,[*]c1c(OC)cccc1OC.[*][C@]1([H])C[C@]([H])(C)C(=O)N1[*].[*]Cc1ccc(SC(F)(F)F)cc1
COc1cc(CN2C(=O)[C@@H](C)C[C@H]2c2c(OC)cccc2OC)ccc1OC(F)F,[*]c1c(OC)cccc1OC.[*][C@]1([H])C[C@]([H])(C)C(=O)N1[*].[*]Cc1ccc(OC(F)F)c(OC)c1
COc1cccc(F)c1[C@@H]1C[C@H](C)C(=O)N1Cc1ccnc(-c2ncc(C)s2)c1,[*]c1c(F)cccc1OC.[*][C@]1([H])C[C@]([H])(C)C(=O)N1[*].[*]Cc1ccnc(-c2ncc(C)s2)c1
CCOc1cccc(F)c1[C@@H]1C[C@H](C)C(=O)N1Cc1cccc(OC(F)(F)F)c1,[*]c1c(F)cccc1OCC.[*][C@]1([H])C[C@]([H])(C)C(=O)N1[*].[*]Cc1cccc(OC(F)(F)F)c1
CCOc1cccc(F)c1[C@@H]1C[C@H](C)C(=O)N1Cc1ccnc(-n2cccn2)c1,[*]c1c(F)cccc1OCC.[*][C@]1([H])C[C@]([H])(C)C(=O)N1[*].[*]Cc1ccnc(-n2cccn2)c1
COc1cccc(F)c1[C@@H]1C[C@H](C)C(=O)N1Cc1csc(-c2ccc(C)cc2)n1,[*]c1c(F)cccc1OC.[*][C@]1([H])C[C@]([H])(C)C(=O)N1[*].[*]Cc1csc(-c2ccc(C)cc2)n1
COc1cccc(OC)c1[C@@H]1C[C@H](C)C(=O)N1Cc1ccc(OCC(F)(F)F)cc1,[*]c1c(OC)cccc1OC.[*][C@]1([H])C[C@]([H])(C)C(=O)N1[*].[*]Cc1ccc(OCC(F)(F)F)cc1
COc1cccc(OC)c1[C@@H]1C[C@H](C)C(=O)N1Cc1cc2ccccc2[nH]1,[*]c1c(OC)cccc1OC.[*][C@]1([H])C[C@]([H])(C)C(=O)N1[*].[*]Cc1cc2ccccc2n1[H]
COc1cccc(OC)c1[C@@H]1C[C@H](C)C(=O)N1Cc1cccc(OCCF)c1,[*]c1c(OC)cccc1OC.[*][C@]1([H])C[C@]([H])(C)C(=O)N1[*].[*]Cc1cccc(OCCF)c1
C[C@H]1C[C@@H](c2ccccc2-c2ccccc2)N(Cc2cccc(-c3ccccc3)c2)C1=O,[*]c1ccccc1-c1ccccc1.[*][C@]1([H])C[C@]([H])(C)C(=O)N1[*].[*]Cc1cccc(-c2ccccc2)c1
COc1ccc(OC(F)(F)F)cc1CN1C(=O)[C@@H](C)C[C@H]1c1c(OC)cccc1OC,[*]c1c(OC)cccc1OC.[*][C@]1([H])C[C@]([H])(C)C(=O)N1[*].[*]Cc1cc(OC(F)(F)F)ccc1OC
CCOc1cccc(CN2C(=O)[C@@H](C)C[C@H]2c2c(F)cccc2OCC)c1,[*]c1c(F)cccc1OCC.[*][C@]1([H])C[C@]([H])(C)C(=O)N1[*].[*]Cc1cccc(OCC)c1
COc1cccc(OC)c1[C@@H]1C[C@H](C)C(=O)N1Cc1ccccc1OC(F)(F)F,[*]c1c(OC)cccc1OC.[*][C@]1([H])C[C@]([H])(C)C(=O)N1[*].[*]Cc1ccccc1OC(F)(F)F
COc1cccc(OC)c1[C@@H]1C[C@H](C)C(=O)N1Cc1ccc(OCC(F)F)cc1,[*]c1c(OC)cccc1OC.[*][C@]1([H])C[C@]([H])(C)C(=O)N1[*].[*]Cc1ccc(OCC(F)F)cc1
COc1ccnc(OC)c1[C@@H]1C[C@H](C)C(=O)N1Cc1csc(-c2ccc(C)cc2)n1,[*]c1c(OC)ccnc1OC.[*][C@]1([H])C[C@]([H])(C)C(=O)N1[*].[*]Cc1csc(-c2ccc(C)cc2)n1
CCOc1cccc(F)c1[C@@H]1C[C@H](C)C(=O)N1Cc1ccc(OC(F)F)c(Cl)c1,[*]c1c(F)cccc1OCC.[*][C@]1([H])C[C@]([H])(C)C(=O)N1[*].[*]Cc1ccc(OC(F)F)c(Cl)c1
COc1cccc(OC)c1[C@@H]1C[C@H](C)C(=O)N1Cc1ccc2[nH]ccc2c1,[*]c1c(OC)cccc1OC.[*][C@]1([H])C[C@]([H])(C)C(=O)N1[*].[*]Cc1ccc2c(ccn2[H])c1
COc1cccc(F)c1[C@@H]1C[C@H](C)C(=O)N1Cc1ccnc(-n2cccn2)c1,[*]c1c(F)cccc1OC.[*][C@]1([H])C[C@]([H])(C)C(=O)N1[*].[*]Cc1ccnc(-n2cccn2)c1
COc1cccc(OC)c1[C@@H]1C[C@H](C)C(=O)N1Cc1ccc(OCCF)cc1,[*]c1c(OC)cccc1OC.[*][C@]1([H])C[C@]([H])(C)C(=O)N1[*].[*]Cc1ccc(OCCF)cc1
CCOc1cccc(F)c1[C@@H]1C[C@H](C)C(=O)N1Cc1ccc(OC(F)(F)F)cc1,[*]c1c(F)cccc1OCC.[*][C@]1([H])C[C@]([H])(C)C(=O)N1[*].[*]Cc1ccc(OC(F)(F)F)cc1
CCOc1cccc(F)c1[C@@H]1C[C@H](C)C(=O)N1Cc1ccc(OC(F)F)cc1,[*]c1c(F)cccc1OCC.[*][C@]1([H])C[C@]([H])(C)C(=O)N1[*].[*]Cc1ccc(OC(F)F)cc1
COc1cccc(F)c1[C@@H]1C[C@H](C)C(=O)N1Cc1cnc2ccccc2c1,[*]c1c(F)cccc1OC.[*][C@]1([H])C[C@]([H])(C)C(=O)N1[*].[*]Cc1cnc2ccccc2c1
COc1ccc(CN2C(=O)[C@@H](C)C[C@H]2c2c(OC)cccc2OC)cc1OC(F)(F)F,[*]c1c(OC)cccc1OC.[*][C@]1([H])C[C@]([H])(C)C(=O)N1[*].[*]Cc1ccc(OC)c(OC(F)(F)F)c1
CCOc1cccc(F)c1[C@@H]1C[C@H](C)C(=O)N1Cc1cccc(OC(F)F)c1,[*]c1c(F)cccc1OCC.[*][C@]1([H])C[C@]([H])(C)C(=O)N1[*].[*]Cc1cccc(OC(F)F)c1
COc1cccc(OC)c1[C@@H]1C[C@H](C)C(=O)N1Cc1cccc(OCCO)c1,[*]c1c(OC)cccc1OC.[*][C@]1([H])C[C@]([H])(C)C(=O)N1[*].[*]Cc1cccc(OCCO)c1
CCCOc1cccc(F)c1[C@@H]1C[C@H](C)C(=O)N1Cc1ccc(OC(F)(F)F)cc1,[*]c1c(F)cccc1OCCC.[*][C@]1([H])C[C@]([H])(C)C(=O)N1[*].[*]Cc1ccc(OC(F)(F)F)cc1
CCOc1cccc(F)c1[C@@H]1C[C@H](C)C(=O)N1Cc1ccc2ccccc2n1,[*]c1c(F)cccc1OCC.[*][C@]1([H])C[C@]([H])(C)C(=O)N1[*].[*]Cc1ccc2ccccc2n1
CCCOc1ccc(CN2C(=O)[C@@H](C)C[C@H]2c2c(F)cccc2OCC)cc1,[*]c1c(F)cccc1OCC.[*][C@]1([H])C[C@]([H])(C)C(=O)N1[*].[*]Cc1ccc(OCCC)cc1
COc1cccc(C)c1[C@@H]1C[C@H](F)C(=O)N1Cc1ccc(OC(F)(F)F)cc1,[*]c1c(C)cccc1OC.[*][C@]1([H])C[C@]([H])(F)C(=O)N1[*].[*]Cc1ccc(OC(F)(F)F)cc1
COc1cccc(OC)c1[C@@H]1C[C@H](C)C(=O)N1Cc1cnc2ccccc2c1,[*]c1c(OC)cccc1OC.[*][C@]1([H])C[C@]([H])(C)C(=O)N1[*].[*]Cc1cnc2ccccc2c1
COc1ccc(CN2C(=O)[C@@H](C)C[C@H]2c2c(OC)cccc2OC)cc1OC(F)F,[*]c1c(OC)cccc1OC.[*][C@]1([H])C[C@]([H])(C)C(=O)N1[*].[*]Cc1ccc(OC)c(OC(F)F)c1
C[C@H]1C[C@@H](c2c(F)cccc2OCCF)N(Cc2ccc(OC(F)(F)F)cc2)C1=O,[*]c1c(F)cccc1OCCF.[*][C@]1([H])C[C@]([H])(C)C(=O)N1[*].[*]Cc1ccc(OC(F)(F)F)cc1
CC(C)Oc1cccc(F)c1[C@@H]1C[C@H](C)C(=O)N1Cc1ccc(OC(F)(F)F)cc1,[*]c1c(F)cccc1OC(C)C.[*][C@]1([H])C[C@]([H])(C)C(=O)N1[*].[*]Cc1ccc(OC(F)(F)F)cc1
CCOc1cccc(F)c1[C@@H]1C[C@H](C)C(=O)N1Cc1ccc(OC(F)(F)F)c(F)c1,[*]c1c(F)cccc1OCC.[*][C@]1([H])C[C@]([H])(C)C(=O)N1[*].[*]Cc1ccc(OC(F)(F)F)c(F)c1
CCOc1cccc(F)c1[C@@H]1C[C@H](C)C(=O)N1Cc1cnc2ccccc2c1,[*]c1c(F)cccc1OCC.[*][C@]1([H])C[C@]([H])(C)C(=O)N1[*].[*]Cc1cnc2ccccc2c1
COc1cccc(F)c1[C@@H]1C[C@H](C)C(=O)N1Cc1ccc2ccccc2n1,[*]c1c(F)cccc1OC.[*][C@]1([H])C[C@]([H])(C)C(=O)N1[*].[*]Cc1ccc2ccccc2n1
C[C@H]1C[C@@H](c2c(O)cccc2F)N(Cc2ccc(OC(F)(F)F)cc2)C1=O,[*]c1c(O)cccc1F.[*][C@]1([H])C[C@]([H])(C)C(=O)N1[*].[*]Cc1ccc(OC(F)(F)F)cc1
C[C@H]1C[C@@H](c2ccccc2-c2ccccc2)N(Cc2ccc(OC(F)(F)F)cc2)C1=O,[*]c1ccccc1-c1ccccc1.[*][C@]1([H])C[C@]([H])(C)C(=O)N1[*].[*]Cc1ccc(OC(F)(F)F)cc1
CC(C)Oc1cccc(F)c1[C@@H]1C[C@H](O)C(=O)N1Cc1ccc(OC(F)(F)F)cc1,[*]c1c(F)cccc1OC(C)C.[*][C@]1([H])C[C@]([H])(O)C(=O)N1[*].[*]Cc1ccc(OC(F)(F)F)cc1
C[C@H]1C[C@@H](c2c(F)cccc2OCCO)N(Cc2ccc(OC(F)(F)F)cc2)C1=O,[*]c1c(F)cccc1OCCO.[*][C@]1([H])C[C@]([H])(C)C(=O)N1[*].[*]Cc1ccc(OC(F)(F)F)cc1
COc1cccc(OC)c1[C@@H]1C[C@H](C)C(=O)N1Cc1ccc(OCCO)cc1,[*]c1c(OC)cccc1OC.[*][C@]1([H])C[C@]([H])(C)C(=O)N1[*].[*]Cc1ccc(OCCO)cc1
COc1cccc(OC)c1[C@@H]1CCCCC(=O)N1Cc1cccc(-c2csc(C)n2)c1,[*]c1c(OC)cccc1OC.[*][C@]1([H])CCCCC(=O)N1[*].[*]Cc1cccc(-c2csc(C)n2)c1
COc1cccc(OC)c1[C@@H]1C[C@H](Cl)C(=O)N1Cc1cccc(-c2nc(C)cs2)c1,[*]c1c(OC)cccc1OC.[*][C@]1([H])C[C@]([H])(Cl)C(=O)N1[*].[*]Cc1cccc(-c2nc(C)cs2)c1
COc1cccc(OC)c1[C@@H]1CCCCC(=O)N1Cc1ccc2oc3ccccc3c2c1,[*]c1c(OC)cccc1OC.[*][C@]1([H])CCCCC(=O)N1[*].[*]Cc1ccc2oc3ccccc3c2c1
COc1cccc(OC)c1[C@@H]1C[C@H](Cl)C(=O)N1Cc1cccc(-c2csc(C)n2)c1,[*]c1c(OC)cccc1OC.[*][C@]1([H])C[C@]([H])(Cl)C(=O)N1[*].[*]Cc1cccc(-c2csc(C)n2)c1
COc1cccc(OC)c1[C@@H]1C[C@H](F)C(=O)N1Cc1cccc(-c2nc(C)cs2)c1,[*]c1c(OC)cccc1OC.[*][C@]1([H])C[C@]([H])(F)C(=O)N1[*].[*]Cc1cccc(-c2nc(C)cs2)c1
COc1cccc(OC)c1[C@@H]1CCCCC(=O)N1Cc1cccc(-c2ncc(C)s2)c1,[*]c1c(OC)cccc1OC.[*][C@]1([H])CCCCC(=O)N1[*].[*]Cc1cccc(-c2ncc(C)s2)c1
COc1cccc(OC)c1[C@@H]1CCCC(=O)N1Cc1ccc2oc3ccccc3c2c1,[*]c1c(OC)cccc1OC.[*][C@]1([H])CCCC(=O)N1[*].[*]Cc1ccc2oc3ccccc3c2c1
COc1cccc(OC)c1[C@@H]1CCCCC(=O)N1Cc1cccc(-c2nccs2)c1,[*]c1c(OC)cccc1OC.[*][C@]1([H])CCCCC(=O)N1[*].[*]Cc1cccc(-c2nccs2)c1
COc1cccc(OC)c1[C@@H]1C[C@H](F)C(=O)N1Cc1ccc2sc3ccccc3c2c1,[*]c1c(OC)cccc1OC.[*][C@]1([H])C[C@]([H])(F)C(=O)N1[*].[*]Cc1ccc2sc3ccccc3c2c1
COc1cccc(OC)c1[C@@H]1C[C@H](Cl)C(=O)N1Cc1cccc(-c2nc(Cl)cs2)c1,[*]c1c(OC)cccc1OC.[*][C@]1([H])C[C@]([H])(Cl)C(=O)N1[*].[*]Cc1cccc(-c2nc(Cl)cs2)c1
COc1cccc(OC)c1[C@@H]1CCCCC(=O)N1Cc1cccc(N2CCCC2)c1,[*]c1c(OC)cccc1OC.[*][C@]1([H])CCCCC(=O)N1[*].[*]Cc1cccc(N2CCCC2)c1
COc1cccc(OC)c1[C@@H]1CCCC(=O)N1Cc1cccc(-c2csc(C)n2)c1,[*]c1c(OC)cccc1OC.[*][C@]1([H])CCCC(=O)N1[*].[*]Cc1cccc(-c2csc(C)n2)c1
COc1cccc(OC)c1[C@@H]1CCCCC(=O)N1Cc1cccc(-n2nccn2)c1,[*]c1c(OC)cccc1OC.[*][C@]1([H])CCCCC(=O)N1[*].[*]Cc1cccc(-n2nccn2)c1
COc1cccc(OC)c1[C@@H]1CCCCC(=O)N1Cc1cccc(-c2ccccc2)c1,[*]c1c(OC)cccc1OC.[*][C@]1([H])CCCCC(=O)N1[*].[*]Cc1cccc(-c2ccccc2)c1
COc1cccc(OC)c1[C@@H]1CCCCC(=O)N1Cc1cccc(-c2ncccn2)c1,[*]c1c(OC)cccc1OC.[*][C@]1([H])CCCCC(=O)N1[*].[*]Cc1cccc(-c2ncccn2)c1
COc1cccc(OC)c1[C@@H]1CCCCC(=O)N1Cc1cccc(-c2ccccn2)c1,[*]c1c(OC)cccc1OC.[*][C@]1([H])CCCCC(=O)N1[*].[*]Cc1cccc(-c2ccccn2)c1
COc1cccc(OC)c1[C@@H]1C[C@H](F)C(=O)N1Cc1cccc(-c2nc(Cl)cs2)c1,[*]c1c(OC)cccc1OC.[*][C@]1([H])C[C@]([H])(F)C(=O)N1[*].[*]Cc1cccc(-c2nc(Cl)cs2)c1
COc1cccc(OC)c1[C@@H]1C[C@H](Cl)C(=O)N1Cc1cccc(-c2ncc(C)s2)c1,[*]c1c(OC)cccc1OC.[*][C@]1([H])C[C@]([H])(Cl)C(=O)N1[*].[*]Cc1cccc(-c2ncc(C)s2)c1
COc1cccc(OC)c1[C@@H]1CCCC(=O)N1Cc1cccc(-c2nccs2)c1,[*]c1c(OC)cccc1OC.[*][C@]1([H])CCCC(=O)N1[*].[*]Cc1cccc(-c2nccs2)c1
COc1cccc(OC)c1[C@@H]1CCCCC(=O)N1Cc1ccc(F)c(-c2ccccn2)c1,[*]c1c(OC)cccc1OC.[*][C@]1([H])CCCCC(=O)N1[*].[*]Cc1ccc(F)c(-c2ccccn2)c1
COc1cccc(OC)c1[C@@H]1C[C@H](F)C(=O)N1Cc1cccc(-c2csc(C)n2)c1,[*]c1c(OC)cccc1OC.[*][C@]1([H])C[C@]([H])(F)C(=O)N1[*].[*]Cc1cccc(-c2csc(C)n2)c1
COc1cccc(OC)c1[C@@H]1C[C@H](Cl)C(=O)N1Cc1ccnc(-c2nc(C)cs2)c1,[*]c1c(OC)cccc1OC.[*][C@]1([H])C[C@]([H])(Cl)C(=O)N1[*].[*]Cc1ccnc(-c2nc(C)cs2)c1
COc1ccnc(OC)c1[C@@H]1CCCC(=O)N1Cc1ccc2oc3ccccc3c2c1,[*]c1c(OC)ccnc1OC.[*][C@]1([H])CCCC(=O)N1[*].[*]Cc1ccc2oc3ccccc3c2c1
COc1ccc2c(c1[C@@H]1CCCC(=O)N1Cc1cccc(-c3csc(C)n3)c1)OCCO2,[*]c1c(OC)ccc2c1OCCO2.[*][C@]1([H])CCCC(=O)N1[*].[*]Cc1cccc(-c2csc(C)n2)c1
COc1cccc(OC)c1[C@@H]1CCCCC(=O)N1Cc1cccc(-n2cccn2)c1,[*]c1c(OC)cccc1OC.[*][C@]1([H])CCCCC(=O)N1[*].[*]Cc1cccc(-n2cccn2)c1
COc1cccc(OC)c1[C@@H]1CCCCC(=O)N1Cc1cccc(-c2cscn2)c1,[*]c1c(OC)cccc1OC.[*][C@]1([H])CCCCC(=O)N1[*].[*]Cc1cccc(-c2cscn2)c1
COc1cccc(OC)c1[C@@H]1CCCC(=O)N1Cc1cccc(-c2ncc(C)s2)c1,[*]c1c(OC)cccc1OC.[*][C@]1([H])CCCC(=O)N1[*].[*]Cc1cccc(-c2ncc(C)s2)c1
COc1cccc(OC)c1[C@@H]1C[C@@H](F)C(=O)N1Cc1ccc2sc3ccccc3c2c1,[*]c1c(OC)cccc1OC.[*][C@]1([H])C[C@@]([H])(F)C(=O)N1[*].[*]Cc1ccc2sc3ccccc3c2c1
COc1cncc(OC)c1[C@@H]1CCCC(=O)N1Cc1ccc2oc3ccccc3c2c1,[*]c1c(OC)cncc1OC.[*][C@]1([H])CCCC(=O)N1[*].[*]Cc1ccc2oc3ccccc3c2c1
COc1cccc(OC)c1[C@@H]1CCCCC(=O)N1Cc1csc(-c2ccccc2)n1,[*]c1c(OC)cccc1OC.[*][C@]1([H])CCCCC(=O)N1[*].[*]Cc1csc(-c2ccccc2)n1
COc1ccc2c(c1[C@@H]1CCCC(=O)N1Cc1cccc(-c3ncc(C)s3)c1)OCCO2,[*]c1c(OC)ccc2c1OCCO2.[*][C@]1([H])CCCC(=O)N1[*].[*]Cc1cccc(-c2ncc(C)s2)c1
COc1cccc(OC)c1[C@@H]1CCCCC(=O)N1Cc1cccc(-c2ccccc2)n1,[*]c1c(OC)cccc1OC.[*][C@]1([H])CCCCC(=O)N1[*].[*]Cc1cccc(-c2ccccc2)n1
COc1cccc(OC)c1[C@@H]1CCCCC(=O)N1Cc1cccc(-c2cncs2)c1,[*]c1c(OC)cccc1OC.[*][C@]1([H])CCCCC(=O)N1[*].[*]Cc1cccc(-c2cncs2)c1
COc1cccc(OC)c1[C@@H]1CCCCC(=O)N1Cc1ccnc(-c2ccccc2)c1,[*]c1c(OC)cccc1OC.[*][C@]1([H])CCCCC(=O)N1[*].[*]Cc1ccnc(-c2ccccc2)c1
COc1cccc(OC)c1[C@@H]1[C@@H](Cl)CC(=O)N1Cc1ccc2oc3ccccc3c2c1,[*]c1c(OC)cccc1OC.[*][C@@]1([H])N([*])C(=O)C[C@]1([H])Cl.[*]Cc1ccc2oc3ccccc3c2c1
COc1cccc(OC)c1[C@@H]1CCCCC(=O)N1Cc1ccnc(-n2cccn2)c1,[*]c1c(OC)cccc1OC.[*][C@]1([H])CCCCC(=O)N1[*].[*]Cc1ccnc(-n2cccn2)c1
COc1cccc(OC)c1[C@@H]1[C@@H](F)CC(=O)N1Cc1ccc2oc3ccccc3c2c1,[*]c1c(OC)cccc1OC.[*][C@@]1([H])N([*])C(=O)C[C@]1([H])F.[*]Cc1ccc2oc3ccccc3c2c1
COc1cccc(OC)c1[C@@H]1CCCCC(=O)N1Cc1ccc2sc(C)nc2c1,[*]c1c(OC)cccc1OC.[*][C@]1([H])CCCCC(=O)N1[*].[*]Cc1ccc2sc(C)nc2c1
COc1cccc(OC)c1[C@@H]1CCCC(=O)N1Cc1cccc(-c2ccccn2)c1,[*]c1c(OC)cccc1OC.[*][C@]1([H])CCCC(=O)N1[*].[*]Cc1cccc(-c2ccccn2)c1
CCc1nc2ccc(OC)c([C@@H]3CCCC(=O)N3Cc3cccc(-c4csc(C)n4)c3)c2o1,[*]c1c(OC)ccc2nc(CC)oc12.[*][C@]1([H])CCCC(=O)N1[*].[*]Cc1cccc(-c2csc(C)n2)c1
COc1cccc(OC)c1[C@@H]1C[C@H](Cl)C(=O)N1Cc1cccc(OC(F)(F)C(F)F)c1,[*]c1c(OC)cccc1OC.[*][C@]1([H])C[C@]([H])(Cl)C(=O)N1[*].[*]Cc1cccc(OC(F)(F)C(F)F)c1
CCOc1cccc(OC)c1[C@@H]1CC(F)(F)C(=O)N1Cc1cccc(-c2ccccc2)c1,[*]c1c(OC)cccc1OCC.[*][C@]1([H])CC(F)(F)C(=O)N1[*].[*]Cc1cccc(-c2ccccc2)c1
COc1cccc(OC)c1[C@@H]1CCCCC(=O)N1Cc1cccc(N2CCCCC2)c1,[*]c1c(OC)cccc1OC.[*][C@]1([H])CCCCC(=O)N1[*].[*]Cc1cccc(N2CCCCC2)c1
COc1ccc2ccccc2c1[C@@H]1CCCC(=O)N1Cc1cccc(-c2ncc(C)s2)c1,[*]c1c(OC)ccc2ccccc12.[*][C@]1([H])CCCC(=O)N1[*].[*]Cc1cccc(-c2ncc(C)s2)c1
COc1cccc(OC)c1[C@@H]1CCCC(=O)N1Cc1cccc(-c2cscn2)c1,[*]c1c(OC)cccc1OC.[*][C@]1([H])CCCC(=O)N1[*].[*]Cc1cccc(-c2cscn2)c1
COc1cccc(OC)c1[C@@H]1CCCCC(=O)N1Cc1ccc2ccccc2c1,[*]c1c(OC)cccc1OC.[*][C@]1([H])CCCCC(=O)N1[*].[*]Cc1ccc2ccccc2c1
COc1cccc(OC)c1[C@@H]1C[C@@H](Cl)C(=O)N1Cc1cccc(-c2ncc(C)s2)c1,[*]c1c(OC)cccc1OC.[*][C@]1([H])C[C@@]([H])(Cl)C(=O)N1[*].[*]Cc1cccc(-c2ncc(C)s2)c1
COc1cccc(OC)c1[C@@H]1C[C@H](F)C(=O)N1Cc1ccc(F)c(-c2ncc(C)s2)c1,[*]c1c(OC)cccc1OC.[*][C@]1([H])C[C@]([H])(F)C(=O)N1[*].[*]Cc1ccc(F)c(-c2ncc(C)s2)c1
COc1cccc(OC)c1[C@@H]1C[C@@H](F)C(=O)N1Cc1cccc(-c2nc(C)cs2)c1,[*]c1c(OC)cccc1OC.[*][C@]1([H])C[C@@]([H])(F)C(=O)N1[*].[*]Cc1cccc(-c2nc(C)cs2)c1
COc1cccc(OC)c1[C@@H]1CCCC(=O)N1Cc1ccnc(-n2cccn2)c1,[*]c1c(OC)cccc1OC.[*][C@]1([H])CCCC(=O)N1[*].[*]Cc1ccnc(-n2cccn2)c1
COc1cccc(OC)c1[C@@H]1CCCC(=O)N1Cc1cccc(-c2ncccn2)c1,[*]c1c(OC)cccc1OC.[*][C@]1([H])CCCC(=O)N1[*].[*]Cc1cccc(-c2ncccn2)c1
COc1cccc(OC)c1[C@@H]1CCCCC(=O)N1Cc1cccc(-c2ccccn2)c1F,[*]c1c(OC)cccc1OC.[*][C@]1([H])CCCCC(=O)N1[*].[*]Cc1cccc(-c2ccccn2)c1F
COc1cccc(OC)c1[C@@H]1C[C@H](Cl)C(=O)N1Cc1ccc(F)c(-c2ncc(C)s2)c1,[*]c1c(OC)cccc1OC.[*][C@]1([H])C[C@]([H])(Cl)C(=O)N1[*].[*]Cc1ccc(F)c(-c2ncc(C)s2)c1
COc1cccc(OC)c1[C@@H]1CCCC(=O)N1Cc1cccc(-n2nccn2)c1,[*]c1c(OC)cccc1OC.[*][C@]1([H])CCCC(=O)N1[*].[*]Cc1cccc(-n2nccn2)c1
COc1ccnc(OC)c1[C@@H]1CCCC(=O)N1Cc1cccc(-c2csc(C)n2)c1,[*]c1c(OC)ccnc1OC.[*][C@]1([H])CCCC(=O)N1[*].[*]Cc1cccc(-c2csc(C)n2)c1
COc1cccc(OC)c1[C@@H]1C[C@@H](F)C(=O)N1Cc1cccc(-c2csc(C)n2)c1,[*]c1c(OC)cccc1OC.[*][C@]1([H])C[C@@]([H])(F)C(=O)N1[*].[*]Cc1cccc(-c2csc(C)n2)c1
COc1cccc(-c2ccccc2)c1[C@@H]1CCCCC(=O)N1Cc1cccc(-c2csc(C)n2)c1,[*]c1c(OC)cccc1-c1ccccc1.[*][C@]1([H])CCCCC(=O)N1[*].[*]Cc1cccc(-c2csc(C)n2)c1
COc1cccc(OC)c1[C@@H]1C[C@H](F)C(=O)N1Cc1ccnc(-c2nc(C)cs2)c1,[*]c1c(OC)cccc1OC.[*][C@]1([H])C[C@]([H])(F)C(=O)N1[*].[*]Cc1ccnc(-c2nc(C)cs2)c1
COc1cccc(OC)c1[C@@H]1CCCCC(=O)N1Cc1cccc(-c2ccncc2)c1,[*]c1c(OC)cccc1OC.[*][C@]1([H])CCCCC(=O)N1[*].[*]Cc1cccc(-c2ccncc2)c1
COc1cccc(OC)c1[C@@H]1C[C@@H](Cl)C(=O)N1Cc1ccnc(-c2nc(C)cs2)c1,[*]c1c(OC)cccc1OC.[*][C@]1([H])C[C@@]([H])(Cl)C(=O)N1[*].[*]Cc1ccnc(-c2nc(C)cs2)c1
COc1cccc(OC)c1[C@@H]1CC(F)(F)C(=O)N1Cc1cccc(-c2ccccc2)c1,[*]c1c(OC)cccc1OC.[*][C@]1([H])CC(F)(F)C(=O)N1[*].[*]Cc1cccc(-c2ccccc2)c1
COc1ccc2nc(C)oc2c1[C@@H]1CCCC(=O)N1Cc1cccc(-c2csc(C)n2)c1,[*]c1c(OC)ccc2nc(C)oc12.[*][C@]1([H])CCCC(=O)N1[*].[*]Cc1cccc(-c2csc(C)n2)c1
COc1ccc2c(c1[C@@H]1CCCC(=O)N1Cc1cccc(-c3csc(C)n3)c1)OCO2,[*]c1c(OC)ccc2c1OCO2.[*][C@]1([H])CCCC(=O)N1[*].[*]Cc1cccc(-c2csc(C)n2)c1
COc1cccc(OC)c1[C@@H]1CCCC(=O)N1Cc1ccc(F)c(-c2ccccn2)c1,[*]c1c(OC)cccc1OC.[*][C@]1([H])CCCC(=O)N1[*].[*]Cc1ccc(F)c(-c2ccccn2)c1
COc1cccc(OC)c1[C@@H]1CCCC(=O)N1Cc1ccnc(-c2nccs2)c1,[*]c1c(OC)cccc1OC.[*][C@]1([H])CCCC(=O)N1[*].[*]Cc1ccnc(-c2nccs2)c1
COc1cccc(OC)c1[C@@H]1C[C@@H](F)C(=O)N1Cc1cccc(-c2nc(Cl)cs2)c1,[*]c1c(OC)cccc1OC.[*][C@]1([H])C[C@@]([H])(F)C(=O)N1[*].[*]Cc1cccc(-c2nc(Cl)cs2)c1
COc1cccc(OC)c1[C@@H]1CCCCC(=O)N1Cc1cccc(-c2cccnc2)c1,[*]c1c(OC)cccc1OC.[*][C@]1([H])CCCCC(=O)N1[*].[*]Cc1cccc(-c2cccnc2)c1
COc1ccc2ccccc2c1[C@@H]1CCCC(=O)N1Cc1cccc(-c2ncccn2)c1,[*]c1c(OC)ccc2ccccc12.[*][C@]1([H])CCCC(=O)N1[*].[*]Cc1cccc(-c2ncccn2)c1
COc1cccc(OC)c1[C@@H]1CCCC(=O)N1Cc1cccc(N2CCCCC2)n1,[*]c1c(OC)cccc1OC.[*][C@]1([H])CCCC(=O)N1[*].[*]Cc1cccc(N2CCCCC2)n1
COc1cccc(OC)c1[C@@H]1CCCCC(=O)N1Cc1ccc2ccccc2n1,[*]c1c(OC)cccc1OC.[*][C@]1([H])CCCCC(=O)N1[*].[*]Cc1ccc2ccccc2n1
COc1cccc(OC)c1[C@@H]1CCCC(=O)N1Cc1cccc(N2CCCC2)c1,[*]c1c(OC)cccc1OC.[*][C@]1([H])CCCC(=O)N1[*].[*]Cc1cccc(N2CCCC2)c1
COc1cccc(OC)c1[C@@H]1C[C@@H](O)C(=O)N1Cc1ccc2sc3ccccc3c2c1,[*]c1c(OC)cccc1OC.[*][C@]1([H])C[C@@]([H])(O)C(=O)N1[*].[*]Cc1ccc2sc3ccccc3c2c1
COc1cccc(OC)c1[C@@H]1CCCC(=O)N1Cc1cccc(N2CCCCC2)c1,[*]c1c(OC)cccc1OC.[*][C@]1([H])CCCC(=O)N1[*].[*]Cc1cccc(N2CCCCC2)c1
COc1cncc(OC)c1[C@@H]1CCCCC(=O)N1Cc1cccc(-c2csc(C)n2)c1,[*]c1c(OC)cncc1OC.[*][C@]1([H])CCCCC(=O)N1[*].[*]Cc1cccc(-c2csc(C)n2)c1
COc1cccc(OC)c1[C@@H]1CCC(=O)N1Cc1cccc(-c2nccs2)c1,[*]c1c(OC)cccc1OC.[*][C@]1([H])CCC(=O)N1[*].[*]Cc1cccc(-c2nccs2)c1
COc1cccc(OC)c1[C@@H]1C[C@@H](F)C(=O)N1Cc1ccc2oc3ccccc3c2c1,[*]c1c(OC)cccc1OC.[*][C@]1([H])C[C@@]([H])(F)C(=O)N1[*].[*]Cc1ccc2oc3ccccc3c2c1
COc1cccc(OC)c1[C@@H]1C[C@H](F)C(=O)N1Cc1cccc(OC(F)(F)C(F)F)c1,[*]c1c(OC)cccc1OC.[*][C@]1([H])C[C@]([H])(F)C(=O)N1[*].[*]Cc1cccc(OC(F)(F)C(F)F)c1
COc1cccc(OC)c1[C@@H]1CCCC(=O)N1Cc1ccnc(-c2ccccc2)c1,[*]c1c(OC)cccc1OC.[*][C@]1([H])CCCC(=O)N1[*].[*]Cc1ccnc(-c2ccccc2)c1
COc1cncc(OC)c1[C@@H]1CCCC(=O)N1Cc1cccc(-c2csc(C)n2)c1,[*]c1c(OC)cncc1OC.[*][C@]1([H])CCCC(=O)N1[*].[*]Cc1cccc(-c2csc(C)n2)c1
COc1cccc(OCCF)c1[C@@H]1C[C@@H](O)C(=O)N1Cc1ccc2oc3ccccc3c2c1,[*]c1c(OC)cccc1OCCF.[*][C@]1([H])C[C@@]([H])(O)C(=O)N1[*].[*]Cc1ccc2oc3ccccc3c2c1
COc1cccc(OC)c1[C@@H]1CCCC(=O)N1Cc1cccc(-n2cccn2)c1,[*]c1c(OC)cccc1OC.[*][C@]1([H])CCCC(=O)N1[*].[*]Cc1cccc(-n2cccn2)c1
COc1cccc(OC)c1[C@@H]1C[C@H](F)C(=O)N1Cc1cccc(-c2ncc(C)s2)c1,[*]c1c(OC)cccc1OC.[*][C@]1([H])C[C@]([H])(F)C(=O)N1[*].[*]Cc1cccc(-c2ncc(C)s2)c1
COc1cccc(OC)c1[C@@H]1CCCC(=O)N1Cc1cccc(-c2cncs2)c1,[*]c1c(OC)cccc1OC.[*][C@]1([H])CCCC(=O)N1[*].[*]Cc1cccc(-c2cncs2)c1
COc1cccc(OC)c1[C@@H]1CCCC(=O)N1Cc1cc(Cl)cc(-c2ccccn2)c1,[*]c1c(OC)cccc1OC.[*][C@]1([H])CCCC(=O)N1[*].[*]Cc1cc(Cl)cc(-c2ccccn2)c1
COc1cc(F)cc(OCCF)c1[C@@H]1C[C@@H](O)C(=O)N1Cc1ccc2oc3ccccc3c2c1,[*]c1c(OC)cc(F)cc1OCCF.[*][C@]1([H])C[C@@]([H])(O)C(=O)N1[*].[*]Cc1ccc2oc3ccccc3c2c1
COc1cccc(OC)c1[C@@H]1CCCC(=O)N1Cc1cccc(-c2ccncc2)c1,[*]c1c(OC)cccc1OC.[*][C@]1([H])CCCC(=O)N1[*].[*]Cc1cccc(-c2ccncc2)c1
COc1cccc(OC)c1[C@@H]1CCC(=O)N1Cc1cccc(-c2ccccc2)c1,[*]c1c(OC)cccc1OC.[*][C@]1([H])CCC(=O)N1[*].[*]Cc1cccc(-c2ccccc2)c1
COc1cccc(OC)c1[C@@H]1C[C@@H](F)C(=O)N1Cc1ccnc(-c2nc(C)cs2)c1,[*]c1c(OC)cccc1OC.[*][C@]1([H])C[C@@]([H])(F)C(=O)N1[*].[*]Cc1ccnc(-c2nc(C)cs2)c1
COc1cc(F)cc(OC)c1[C@@H]1C[C@@H](O)C(=O)N1Cc1ccc2oc3ccccc3c2c1,[*]c1c(OC)cc(F)cc1OC.[*][C@]1([H])C[C@@]([H])(O)C(=O)N1[*].[*]Cc1ccc2oc3ccccc3c2c1
COc1ccnc(OC)c1[C@@H]1CCCC(=O)N1Cc1cccc(-c2nccs2)c1,[*]c1c(OC)ccnc1OC.[*][C@]1([H])CCCC(=O)N1[*].[*]Cc1cccc(-c2nccs2)c1
COc1cccc(OC(F)F)c1[C@@H]1C[C@@H](O)C(=O)N1Cc1ccc2oc3ccccc3c2c1,[*]c1c(OC)cccc1OC(F)F.[*][C@]1([H])C[C@@]([H])(O)C(=O)N1[*].[*]Cc1ccc2oc3ccccc3c2c1
COc1cccc(OC)c1[C@@H]1CCCC(=O)N1Cc1cccc(-c2ccccc2)n1,[*]c1c(OC)cccc1OC.[*][C@]1([H])CCCC(=O)N1[*].[*]Cc1cccc(-c2ccccc2)n1
COc1cccc(OCC(F)F)c1[C@@H]1C[C@@H](O)C(=O)N1Cc1ccc2oc3ccccc3c2c1,[*]c1c(OC)cccc1OCC(F)F.[*][C@]1([H])C[C@@]([H])(O)C(=O)N1[*].[*]Cc1ccc2oc3ccccc3c2c1
COc1cccc(OC)c1[C@@H]1CCCCC(=O)N1Cc1cccc(-n2cccn2)n1,[*]c1c(OC)cccc1OC.[*][C@]1([H])CCCCC(=O)N1[*].[*]Cc1cccc(-n2cccn2)n1
COc1cccc(OC)c1[C@@H]1C[C@@H](O)C(=O)N1Cc1ccnc(-c2nc(C)c(C)s2)c1,[*]c1c(OC)cccc1OC.[*][C@]1([H])C[C@@]([H])(O)C(=O)N1[*].[*]Cc1ccnc(-c2nc(C)c(C)s2)c1
COc1cccc(OC)c1[C@@H]1CCCC(=O)N1Cc1ccnc(-c2ccccn2)c1,[*]c1c(OC)cccc1OC.[*][C@]1([H])CCCC(=O)N1[*].[*]Cc1ccnc(-c2ccccn2)c1
COc1cccc(OC)c1[C@@H]1C[C@@H](O)C(=O)N1Cc1cccc(-c2nc(C)cs2)c1,[*]c1c(OC)cccc1OC.[*][C@]1([H])C[C@@]([H])(O)C(=O)N1[*].[*]Cc1cccc(-c2nc(C)cs2)c1
COc1ccnc(OC)c1[C@@H]1CCCC(=O)N1Cc1cccc(-c2ccccc2)c1,[*]c1c(OC)ccnc1OC.[*][C@]1([H])CCCC(=O)N1[*].[*]Cc1cccc(-c2ccccc2)c1
COc1cccc(OC)c1[C@@H]1CCCC(=O)N1Cc1cccc(-c2noc(C)n2)c1,[*]c1c(OC)cccc1OC.[*][C@]1([H])CCCC(=O)N1[*].[*]Cc1cccc(-c2noc(C)n2)c1
COc1cncc(OC)c1[C@@H]1CCCC(=O)N1Cc1cccc(-c2nccs2)c1,[*]c1c(OC)cncc1OC.[*][C@]1([H])CCCC(=O)N1[*].[*]Cc1cccc(-c2nccs2)c1
COc1ccc(Cl)c(OC)c1[C@@H]1CCCC(=O)N1Cc1cccc(-c2csc(C)n2)c1,[*]c1c(OC)ccc(Cl)c1OC.[*][C@]1([H])CCCC(=O)N1[*].[*]Cc1cccc(-c2csc(C)n2)c1
COc1cccc(F)c1[C@@H]1C[C@H](F)C(=O)N1Cc1ccc2sc3ccccc3c2c1,[*]c1c(F)cccc1OC.[*][C@]1([H])C[C@]([H])(F)C(=O)N1[*].[*]Cc1ccc2sc3ccccc3c2c1
COc1cc(F)cc(OCC(F)F)c1[C@@H]1C[C@@H](O)C(=O)N1Cc1ccc2oc3ccccc3c2c1,[*]c1c(OC)cc(F)cc1OCC(F)F.[*][C@]1([H])C[C@@]([H])(O)C(=O)N1[*].[*]Cc1ccc2oc3ccccc3c2c1
COc1cccc(OC)c1[C@@H]1CCCCC(=O)N1Cc1ccc2c(c1)c1ccccc1n2C,[*]c1c(OC)cccc1OC.[*][C@]1([H])CCCCC(=O)N1[*].[*]Cc1ccc2c(c1)c1ccccc1n2C
COc1cncc(OC)c1[C@@H]1CCCC(=O)N1Cc1cccc(-c2ccccc2)c1,[*]c1c(OC)cncc1OC.[*][C@]1([H])CCCC(=O)N1[*].[*]Cc1cccc(-c2ccccc2)c1
COc1cccc(OC)c1[C@@H]1CCCC(=O)N1Cc1csc(-c2ccccc2)n1,[*]c1c(OC)cccc1OC.[*][C@]1([H])CCCC(=O)N1[*].[*]Cc1csc(-c2ccccc2)n1
CCOc1cccc(F)c1[C@@H]1C[C@H](F)C(=O)N1Cc1ccc2sc3ccccc3c2c1,[*]c1c(F)cccc1OCC.[*][C@]1([H])C[C@]([H])(F)C(=O)N1[*].[*]Cc1ccc2sc3ccccc3c2c1
COc1cncc(OC)c1[C@@H]1CCCCC(=O)N1Cc1cccc(-c2ccccc2)c1,[*]c1c(OC)cncc1OC.[*][C@]1([H])CCCCC(=O)N1[*].[*]Cc1cccc(-c2ccccc2)c1
COc1cccc(OC)c1[C@@H]1CCCC(=O)N1Cc1ccc2c(c1)c1ccccc1n2C,[*]c1c(OC)cccc1OC.[*][C@]1([H])CCCC(=O)N1[*].[*]Cc1ccc2c(c1)c1ccccc1n2C
COc1ccc2nc(C)oc2c1[C@@H]1CCCC(=O)N1Cc1cccc(-c2ccccc2)c1,[*]c1c(OC)ccc2nc(C)oc12.[*][C@]1([H])CCCC(=O)N1[*].[*]Cc1cccc(-c2ccccc2)c1
COc1ccc2ncoc2c1[C@@H]1CCCC(=O)N1Cc1cccc(-c2csc(C)n2)c1,[*]c1c(OC)ccc2ncoc12.[*][C@]1([H])CCCC(=O)N1[*].[*]Cc1cccc(-c2csc(C)n2)c1
COc1cccc(OC)c1[C@@H]1CCC(=O)N1Cc1cccc(-c2ccccn2)c1,[*]c1c(OC)cccc1OC.[*][C@]1([H])CCC(=O)N1[*].[*]Cc1cccc(-c2ccccn2)c1
COc1ccc2c(c1[C@@H]1CCCC(=O)N1Cc1cccc(-c3ccccc3)c1)OCO2,[*]c1c(OC)ccc2c1OCO2.[*][C@]1([H])CCCC(=O)N1[*].[*]Cc1cccc(-c2ccccc2)c1
COc1cccc(OC)c1[C@@H]1C[C@@H](O)C(=O)N1Cc1cccc(-c2nc(Cl)cs2)c1,[*]c1c(OC)cccc1OC.[*][C@]1([H])C[C@@]([H])(O)C(=O)N1[*].[*]Cc1cccc(-c2nc(Cl)cs2)c1
O=C1[C@@H](F)C[C@@H](c2c(F)cccc2OCCF)N1Cc1ccc2sc3ccccc3c2c1,[*]c1c(F)cccc1OCCF.[*][C@]1([H])C[C@]([H])(F)C(=O)N1[*].[*]Cc1ccc2sc3ccccc3c2c1
COc1cc(Cl)cc(OCCF)c1[C@@H]1C[C@@H](O)C(=O)N1Cc1ccc2oc3ccccc3c2c1,[*]c1c(OC)cc(Cl)cc1OCCF.[*][C@]1([H])C[C@@]([H])(O)C(=O)N1[*].[*]Cc1ccc2oc3ccccc3c2c1
COc1cccc(OC)c1[C@@H]1CCC(=O)N1Cc1ccnc(-c2ccccc2)c1,[*]c1c(OC)cccc1OC.[*][C@]1([H])CCC(=O)N1[*].[*]Cc1ccnc(-c2ccccc2)c1
COc1cccc(OC)c1[C@@H]1C[C@@H](O)C(=O)N1Cc1cccc(-c2csc(C)n2)c1,[*]c1c(OC)cccc1OC.[*][C@]1([H])C[C@@]([H])(O)C(=O)N1[*].[*]Cc1cccc(-c2csc(C)n2)c1
COc1cc(Cl)cc(OC)c1[C@@H]1C[C@@H](O)C(=O)N1Cc1ccc2oc3ccccc3c2c1,[*]c1c(OC)cc(Cl)cc1OC.[*][C@]1([H])C[C@@]([H])(O)C(=O)N1[*].[*]Cc1ccc2oc3ccccc3c2c1
COc1cccc(OCC(F)(F)F)c1[C@@H]1C[C@@H](O)C(=O)N1Cc1ccc2oc3ccccc3c2c1,[*]c1c(OC)cccc1OCC(F)(F)F.[*][C@]1([H])C[C@@]([H])(O)C(=O)N1[*].[*]Cc1ccc2oc3ccccc3c2c1
COc1cccc(OC)c1[C@@H]1CCCCC(=O)N1Cc1cccc2ccccc12,[*]c1c(OC)cccc1OC.[*][C@]1([H])CCCCC(=O)N1[*].[*]Cc1cccc2ccccc12
COc1cccc(OC)c1[C@@H]1C[C@@H](F)C(=O)N1Cc1ccc(F)c(-c2ncc(C)s2)c1,[*]c1c(OC)cccc1OC.[*][C@]1([H])C[C@@]([H])(F)C(=O)N1[*].[*]Cc1ccc(F)c(-c2ncc(C)s2)c1
COc1cccc(OC)c1[C@@H]1CCCC(=O)N1Cc1cccc(-c2cccnc2)c1,[*]c1c(OC)cccc1OC.[*][C@]1([H])CCCC(=O)N1[*].[*]Cc1cccc(-c2cccnc2)c1
COc1cccc(OC)c1[C@@H]1CCCC(=O)N1Cc1cccc(-c2ccccn2)c1F,[*]c1c(OC)cccc1OC.[*][C@]1([H])CCCC(=O)N1[*].[*]Cc1cccc(-c2ccccn2)c1F
COc1cccc(OC)c1[C@@H]1CCCC(=O)N1Cc1cc(-c2ccccn2)ccc1F,[*]c1c(OC)cccc1OC.[*][C@]1([H])CCCC(=O)N1[*].[*]Cc1cc(-c2ccccn2)ccc1F
COc1cc(Cl)cc(OCC(F)(F)F)c1[C@@H]1C[C@@H](O)C(=O)N1Cc1ccc2oc3ccccc3c2c1,[*]c1c(OC)cc(Cl)cc1OCC(F)(F)F.[*][C@]1([H])C[C@@]([H])(O)C(=O)N1[*].[*]Cc1ccc2oc3ccccc3c2c1
CCOc1cccc(F)c1[C@@H]1C[C@@H](O)C(=O)N1Cc1ccc2sc3ccccc3c2c1,[*]c1c(F)cccc1OCC.[*][C@]1([H])C[C@@]([H])(O)C(=O)N1[*].[*]Cc1ccc2sc3ccccc3c2c1
COc1ccnc(OC)c1[C@@H]1CCCC(=O)N1Cc1cccc(-c2ccccn2)c1,[*]c1c(OC)ccnc1OC.[*][C@]1([H])CCCC(=O)N1[*].[*]Cc1cccc(-c2ccccn2)c1
Cc1nc(-c2cccc(CN3C(=O)CCCC[C@H]3c3ccccc3-c3ccccc3)c2)cs1,[*]c1ccccc1-c1ccccc1.[*][C@]1([H])CCCCC(=O)N1[*].[*]Cc1cccc(-c2csc(C)n2)c1
Cc1nc(-c2cccc(CN3C(=O)CC[C@H]3c3ccccc3-c3ccccc3)c2)cs1,[*]c1ccccc1-c1ccccc1.[*][C@]1([H])CCC(=O)N1[*].[*]Cc1cccc(-c2csc(C)n2)c1
O=C1CCCC[C@@H](c2ccccc2-c2cscn2)N1Cc1cccc(-c2nccs2)c1,[*]c1ccccc1-c1cscn1.[*][C@]1([H])CCCCC(=O)N1[*].[*]Cc1cccc(-c2nccs2)c1
O=C1[C@H](O)C[C@@H](c2c(F)cccc2OCCF)N1Cc1ccc2sc3ccccc3c2c1,[*]c1c(F)cccc1OCCF.[*][C@]1([H])C[C@@]([H])(O)C(=O)N1[*].[*]Cc1ccc2sc3ccccc3c2c1
O=C1[C@@H](F)C[C@@H](c2c(F)cccc2OCCF)N1Cc1ccc(Cl)c(OC(F)(F)C(F)F)c1,[*]c1c(F)cccc1OCCF.[*][C@]1([H])C[C@]([H])(F)C(=O)N1[*].[*]Cc1ccc(Cl)c(OC(F)(F)C(F)F)c1
COc1ccc2c(c1[C@@H]1CCCC(=O)N1Cc1csc(-c3ccccc3)n1)OCO2,[*]c1c(OC)ccc2c1OCO2.[*][C@]1([H])CCCC(=O)N1[*].[*]Cc1csc(-c2ccccc2)n1
CCOc1cccc(F)c1[C@@H]1C[C@H](Cl)C(=O)N1Cc1cccc(OC(F)(F)C(F)F)c1,[*]c1c(F)cccc1OCC.[*][C@]1([H])C[C@]([H])(Cl)C(=O)N1[*].[*]Cc1cccc(OC(F)(F)C(F)F)c1
O=C1[C@@H](Cl)C[C@@H](c2c(F)cccc2OC2CCC2)N1Cc1cccc(OC(F)(F)F)c1,[*]c1c(F)cccc1OC1CCC1.[*][C@]1([H])C[C@]([H])(Cl)C(=O)N1[*].[*]Cc1cccc(OC(F)(F)F)c1
COc1ccc2ccccc2c1[C@@H]1CCCC(=O)N1Cc1cccc(Oc2ccccc2)c1,[*]c1c(OC)ccc2ccccc12.[*][C@]1([H])CCCC(=O)N1[*].[*]Cc1cccc(Oc2ccccc2)c1
COc1cccc(OCCF)c1[C@@H]1C[C@@H](O)C(=O)N1Cc1cccc(-c2ncc(C)s2)c1,[*]c1c(OC)cccc1OCCF.[*][C@]1([H])C[C@@]([H])(O)C(=O)N1[*].[*]Cc1cccc(-c2ncc(C)s2)c1
COc1cccc(OC)c1[C@@H]1CCCC(=O)N1Cc1ccc(-c2ccccc2)s1,[*]c1c(OC)cccc1OC.[*][C@]1([H])CCCC(=O)N1[*].[*]Cc1ccc(-c2ccccc2)s1
COc1ccc2ncoc2c1[C@@H]1CCCC(=O)N1Cc1cccc(-c2ccccc2)c1,[*]c1c(OC)ccc2ncoc12.[*][C@]1([H])CCCC(=O)N1[*].[*]Cc1cccc(-c2ccccc2)c1
COc1cccc(OC)c1[C@@H]1CCCC(=O)N1Cc1cccc(-c2ccc(F)cc2)n1,[*]c1c(OC)cccc1OC.[*][C@]1([H])CCCC(=O)N1[*].[*]Cc1cccc(-c2ccc(F)cc2)n1
COc1cccc(OC)c1[C@@H]1CCCCC(=O)N1Cc1cnn(-c2ccccc2)c1,[*]c1c(OC)cccc1OC.[*][C@]1([H])CCCCC(=O)N1[*].[*]Cc1cnn(-c2ccccc2)c1
CCOc1cccc(F)c1[C@@H]1C[C@H](F)C(=O)N1Cc1cccc(OC(F)(F)C(F)F)c1,[*]c1c(F)cccc1OCC.[*][C@]1([H])C[C@]([H])(F)C(=O)N1[*].[*]Cc1cccc(OC(F)(F)C(F)F)c1
COc1cccc(OC)c1[C@@H]1C[C@@H](O)C(=O)N1Cc1cccc(-c2ncc(C)s2)c1,[*]c1c(OC)cccc1OC.[*][C@]1([H])C[C@@]([H])(O)C(=O)N1[*].[*]Cc1cccc(-c2ncc(C)s2)c1
COc1cccc(OC)c1[C@@H]1C[C@@H](O)C(=O)N1Cc1cc(F)cc(-c2nc(C)cs2)c1,[*]c1c(OC)cccc1OC.[*][C@]1([H])C[C@@]([H])(O)C(=O)N1[*].[*]Cc1cc(F)cc(-c2nc(C)cs2)c1
COc1cncc(OC)c1[C@@H]1CCCC(=O)N1Cc1cccc(-c2ccccn2)c1,[*]c1c(OC)cncc1OC.[*][C@]1([H])CCCC(=O)N1[*].[*]Cc1cccc(-c2ccccn2)c1
COc1cccc(OC)c1[C@@H]1CCCC(=O)N1Cc1cccc(-n2ccnc2)c1,[*]c1c(OC)cccc1OC.[*][C@]1([H])CCCC(=O)N1[*].[*]Cc1cccc(-n2ccnc2)c1
COc1cccc(OC)c1[C@@H]1CCCCC(=O)N1Cc1cccc(Oc2ccccc2)c1,[*]c1c(OC)cccc1OC.[*][C@]1([H])CCCCC(=O)N1[*].[*]Cc1cccc(Oc2ccccc2)c1
COc1cccc(OC)c1[C@@H]1C[C@@H](O)C(=O)N1Cc1ccc(F)c(-c2ncc(C)s2)c1,[*]c1c(OC)cccc1OC.[*][C@]1([H])C[C@@]([H])(O)C(=O)N1[*].[*]Cc1ccc(F)c(-c2ncc(C)s2)c1
COc1cccc(OC)c1[C@@H]1CCC(=O)N1Cc1ccc(Oc2nccs2)cc1,[*]c1c(OC)cccc1OC.[*][C@]1([H])CCC(=O)N1[*].[*]Cc1ccc(Oc2nccs2)cc1
COc1ccnc(OC)c1[C@@H]1CCCC(=O)N1Cc1csc(-c2ccccc2)n1,[*]c1c(OC)ccnc1OC.[*][C@]1([H])CCCC(=O)N1[*].[*]Cc1csc(-c2ccccc2)n1
COc1cccc(F)c1[C@@H]1CC(F)(F)C(=O)N1Cc1ccc2oc3ccccc3c2c1,[*]c1c(F)cccc1OC.[*][C@]1([H])CC(F)(F)C(=O)N1[*].[*]Cc1ccc2oc3ccccc3c2c1
COc1ccc2c(c1[C@@H]1CCCC(=O)N1Cc1cccc(Oc3ccccc3)c1)OCO2,[*]c1c(OC)ccc2c1OCO2.[*][C@]1([H])CCCC(=O)N1[*].[*]Cc1cccc(Oc2ccccc2)c1
CCOc1cccc(OC)c1[C@@H]1CC(=O)C(=O)N1Cc1cccc(-c2ccccc2)c1,[*]c1c(OC)cccc1OCC.[*][C@]1([H])CC(=O)C(=O)N1[*].[*]Cc1cccc(-c2ccccc2)c1
Cc1nc(-c2cccc(CN3C(=O)CCCC[C@H]3c3c(C)cccc3-c3ccccc3)c2)cs1,[*]c1c(C)cccc1-c1ccccc1.[*][C@]1([H])CCCCC(=O)N1[*].[*]Cc1cccc(-c2csc(C)n2)c1
COc1cccc(OC)c1[C@@H]1CCC(=O)N1Cc1ccc(-c2ccccc2)cc1,[*]c1c(OC)cccc1OC.[*][C@]1([H])CCC(=O)N1[*].[*]Cc1ccc(-c2ccccc2)cc1
Cc1nc(-c2cccc(CN3C(=O)CCCC[C@H]3c3c(Cl)cccc3-c3ccccc3)c2)cs1,[*]c1c(Cl)cccc1-c1ccccc1.[*][C@]1([H])CCCCC(=O)N1[*].[*]Cc1cccc(-c2csc(C)n2)c1
COc1cccc(OC)c1[C@@H]1CCCC(=O)N1Cc1cccc(-c2ccccn2)n1,[*]c1c(OC)cccc1OC.[*][C@]1([H])CCCC(=O)N1[*].[*]Cc1cccc(-c2ccccn2)n1
COc1cccc(OC)c1[C@@H]1C[C@@H](O)C(=O)N1Cc1cccc(-c2nccs2)c1,[*]c1c(OC)cccc1OC.[*][C@]1([H])C[C@@]([H])(O)C(=O)N1[*].[*]Cc1cccc(-c2nccs2)c1
Cc1nc(-c2cccc(CN3C(=O)CCCC[C@H]3c3c(F)cccc3-c3ccccc3)c2)cs1,[*]c1c(F)cccc1-c1ccccc1.[*][C@]1([H])CCCCC(=O)N1[*].[*]Cc1cccc(-c2csc(C)n2)c1
COc1cccc(OC)c1[C@@H]1CCCC(=O)N1Cc1cccc(-n2cccn2)n1,[*]c1c(OC)cccc1OC.[*][C@]1([H])CCCC(=O)N1[*].[*]Cc1cccc(-n2cccn2)n1
O=C1[C@@H](F)C[C@@H](c2c(F)cccc2OCCF)N1Cc1ccc(Cl)c(OCC(F)(F)F)c1,[*]c1c(F)cccc1OCCF.[*][C@]1([H])C[C@]([H])(F)C(=O)N1[*].[*]Cc1ccc(Cl)c(OCC(F)(F)F)c1
COc1cccc(OC)c1[C@@H]1CCCCC(=O)N1Cc1ccc2nc(C)sc2c1,[*]c1c(OC)cccc1OC.[*][C@]1([H])CCCCC(=O)N1[*].[*]Cc1ccc2nc(C)sc2c1
COc1cccc(OC)c1[C@@H]1C[C@@H](O)C(=O)N1Cc1ccc2c(c1)-c1nc(C)sc1CC2,[*]c1c(OC)cccc1OC.[*][C@]1([H])C[C@@]([H])(O)C(=O)N1[*].[*]Cc1ccc2c(c1)-c1nc(C)sc1CC2
COc1cncc(OC)c1[C@@H]1CCCC(=O)N1Cc1cccc(-n2nccn2)c1,[*]c1c(OC)cncc1OC.[*][C@]1([H])CCCC(=O)N1[*].[*]Cc1cccc(-n2nccn2)c1
COc1cccc(OC)c1[C@@H]1CCC(=O)N1Cc1cccc(-n2cccn2)c1,[*]c1c(OC)cccc1OC.[*][C@]1([H])CCC(=O)N1[*].[*]Cc1cccc(-n2cccn2)c1
COc1cccc(OC)c1[C@@H]1CCCC(=O)N1Cc1cc(-c2ccccc2)ccn1,[*]c1c(OC)cccc1OC.[*][C@]1([H])CCCC(=O)N1[*].[*]Cc1cc(-c2ccccc2)ccn1
COc1cccc(OC)c1[C@@H]1CCCC(=O)N1Cc1cnn(-c2ccccc2)c1,[*]c1c(OC)cccc1OC.[*][C@]1([H])CCCC(=O)N1[*].[*]Cc1cnn(-c2ccccc2)c1
COc1ccc(Cl)c(OC)c1[C@@H]1C[C@H](Cl)C(=O)N1Cc1ccc(OC(F)(F)F)cc1,[*]c1c(OC)ccc(Cl)c1OC.[*][C@]1([H])C[C@]([H])(Cl)C(=O)N1[*].[*]Cc1ccc(OC(F)(F)F)cc1
COc1cccc(OC)c1[C@@H]1CCCC(=O)N1Cc1cc(-c2ccccn2)ccc1Cl,[*]c1c(OC)cccc1OC.[*][C@]1([H])CCCC(=O)N1[*].[*]Cc1cc(-c2ccccn2)ccc1Cl
CCOc1cc(CN2C(=O)[C@@H](F)C[C@H]2c2c(F)cccc2OCC)ccc1Cl,[*]c1c(F)cccc1OCC.[*][C@]1([H])C[C@]([H])(F)C(=O)N1[*].[*]Cc1ccc(Cl)c(OCC)c1
COc1cccc(OC)c1[C@@H]1CCCC(=O)N1Cc1cccc(-c2nccs2)n1,[*]c1c(OC)cccc1OC.[*][C@]1([H])CCCC(=O)N1[*].[*]Cc1cccc(-c2nccs2)n1
O=C1CCCC[C@@H](c2ccccc2-c2ccccc2)N1Cc1cccc(-c2nccs2)c1,[*]c1ccccc1-c1ccccc1.[*][C@]1([H])CCCCC(=O)N1[*].[*]Cc1cccc(-c2nccs2)c1
COc1cccc(OC)c1[C@@H]1CCC(=O)N1Cc1cccc(-c2ccccc2)n1,[*]c1c(OC)cccc1OC.[*][C@]1([H])CCC(=O)N1[*].[*]Cc1cccc(-c2ccccc2)n1
COc1cccc(OC)c1[C@@H]1CCCCC(=O)N1Cc1ccc(Oc2ccccc2)cc1,[*]c1c(OC)cccc1OC.[*][C@]1([H])CCCCC(=O)N1[*].[*]Cc1ccc(Oc2ccccc2)cc1
COc1cccc(OC)c1[C@@H]1CCCC(=O)N1Cc1ccc2nc(C)sc2c1,[*]c1c(OC)cccc1OC.[*][C@]1([H])CCCC(=O)N1[*].[*]Cc1ccc2nc(C)sc2c1
COc1cccc(OC)c1[C@@H]1C[C@@H](O)C(=O)N1Cc1ccnc(-c2nc(C)cs2)c1,[*]c1c(OC)cccc1OC.[*][C@]1([H])C[C@@]([H])(O)C(=O)N1[*].[*]Cc1ccnc(-c2nc(C)cs2)c1
Cc1cccc(-c2ccccc2)c1[C@@H]1CCCCC(=O)N1Cc1cccc(-c2nccs2)c1,[*]c1c(C)cccc1-c1ccccc1.[*][C@]1([H])CCCCC(=O)N1[*].[*]Cc1cccc(-c2nccs2)c1
COc1cccc(OC)c1[C@@H]1CCC(=O)N1Cc1cccc(N2CCCCC2)c1,[*]c1c(OC)cccc1OC.[*][C@]1([H])CCC(=O)N1[*].[*]Cc1cccc(N2CCCCC2)c1
Cc1cnc(-c2cccc(CN3C(=O)CCCC[C@H]3c3ccccc3-n3cccn3)c2)s1,[*]c1ccccc1-n1cccn1.[*][C@]1([H])CCCCC(=O)N1[*].[*]Cc1cccc(-c2ncc(C)s2)c1
COc1ccc2ccc(=O)oc2c1[C@@H]1CCCC(=O)N1Cc1ccnc(-c2ccccc2)c1,[*]c1c(OC)ccc2ccc(=O)oc12.[*][C@]1([H])CCCC(=O)N1[*].[*]Cc1ccnc(-c2ccccc2)c1
O=C1CCCC[C@@H](c2ccccc2-c2nccs2)N1Cc1cccc(-c2ccccc2)c1,[*]c1ccccc1-c1nccs1.[*][C@]1([H])CCCCC(=O)N1[*].[*]Cc1cccc(-c2ccccc2)c1
COc1ccnc(OC)c1[C@@H]1CCCC(=O)N1Cc1ccc(F)c(-c2ccccn2)c1,[*]c1c(OC)ccnc1OC.[*][C@]1([H])CCCC(=O)N1[*].[*]Cc1ccc(F)c(-c2ccccn2)c1
COc1cccc(F)c1[C@@H]1C[C@@H](F)C(=O)N1Cc1ccc2oc3ccccc3c2c1,[*]c1c(F)cccc1OC.[*][C@]1([H])C[C@@]([H])(F)C(=O)N1[*].[*]Cc1ccc2oc3ccccc3c2c1
COc1cccc(OC)c1[C@@H]1CCCC(=O)N1Cc1cccc(N2CCOCC2)c1,[*]c1c(OC)cccc1OC.[*][C@]1([H])CCCC(=O)N1[*].[*]Cc1cccc(N2CCOCC2)c1
COc1cccc(OC)c1[C@@H]1CCCC(=O)N1Cc1cccc2ccccc12,[*]c1c(OC)cccc1OC.[*][C@]1([H])CCCC(=O)N1[*].[*]Cc1cccc2ccccc12
COc1cccc(OC)c1[C@@H]1CCC(=O)N1Cc1cccc(Oc2ccccc2)c1,[*]c1c(OC)cccc1OC.[*][C@]1([H])CCC(=O)N1[*].[*]Cc1cccc(Oc2ccccc2)c1
COc1cccc(F)c1[C@@H]1C[C@@H](Cl)C(=O)N1Cc1ccc2oc3ccccc3c2c1,[*]c1c(F)cccc1OC.[*][C@]1([H])C[C@@]([H])(Cl)C(=O)N1[*].[*]Cc1ccc2oc3ccccc3c2c1
COc1cccc(OC)c1[C@@H]1CCC(=O)N1Cc1ccc(Oc2nc(C)cs2)cc1,[*]c1c(OC)cccc1OC.[*][C@]1([H])CCC(=O)N1[*].[*]Cc1ccc(Oc2nc(C)cs2)cc1
COc1cncc(OC)c1[C@@H]1CCCCC(=O)N1Cc1csc(-c2ccccc2)n1,[*]c1c(OC)cncc1OC.[*][C@]1([H])CCCCC(=O)N1[*].[*]Cc1csc(-c2ccccc2)n1
O=C1[C@@H](Cl)C[C@@H](c2c(F)cccc2OCCF)N1Cc1ccc(Cl)c(OC(F)(F)C(F)F)c1,[*]c1c(F)cccc1OCCF.[*][C@]1([H])C[C@]([H])(Cl)C(=O)N1[*].[*]Cc1ccc(Cl)c(OC(F)(F)C(F)F)c1
COc1cccc(OC)c1[C@@H]1CCC(=O)N1Cc1cccc(-c2cccnc2)c1,[*]c1c(OC)cccc1OC.[*][C@]1([H])CCC(=O)N1[*].[*]Cc1cccc(-c2cccnc2)c1
COc1cccc(OC)c1[C@@H]1CCC(=O)N1Cc1cccc(-c2noc(C)n2)c1,[*]c1c(OC)cccc1OC.[*][C@]1([H])CCC(=O)N1[*].[*]Cc1cccc(-c2noc(C)n2)c1
O=C1[C@@H](Cl)C[C@@H](c2c(F)cccc2OC2CCCC2)N1Cc1cccc(OC(F)(F)F)c1,[*]c1c(F)cccc1OC1CCCC1.[*][C@]1([H])C[C@]([H])(Cl)C(=O)N1[*].[*]Cc1cccc(OC(F)(F)F)c1
O=C1CCCC[C@@H](c2ccccc2-n2cccn2)N1Cc1csc(-c2cccc(Cl)c2)n1,[*]c1ccccc1-n1cccn1.[*][C@]1([H])CCCCC(=O)N1[*].[*]Cc1csc(-c2cccc(Cl)c2)n1
COc1ccc(F)c(OC)c1[C@@H]1C[C@H](Cl)C(=O)N1Cc1ccc(OC(F)(F)F)cc1,[*]c1c(OC)ccc(F)c1OC.[*][C@]1([H])C[C@]([H])(Cl)C(=O)N1[*].[*]Cc1ccc(OC(F)(F)F)cc1
COc1cccc(OC)c1[C@@H]1CCC(=O)N1Cc1ccc(Oc2ccccc2)cc1,[*]c1c(OC)cccc1OC.[*][C@]1([H])CCC(=O)N1[*].[*]Cc1ccc(Oc2ccccc2)cc1
O=C1CCCC[C@@H](c2ccccc2-n2cccn2)N1Cc1cccc(-c2ccccc2)c1,[*]c1ccccc1-n1cccn1.[*][C@]1([H])CCCCC(=O)N1[*].[*]Cc1cccc(-c2ccccc2)c1
O=C1CCC[C@@H](c2ccccc2-c2ccccc2)N1Cc1cccc(-c2nccs2)c1,[*]c1ccccc1-c1ccccc1.[*][C@]1([H])CCCC(=O)N1[*].[*]Cc1cccc(-c2nccs2)c1
COc1cccc(OC)c1[C@@H]1CC(=O)C(=O)N1Cc1cccc(-c2ccccc2)c1,[*]c1c(OC)cccc1OC.[*][C@]1([H])CC(=O)C(=O)N1[*].[*]Cc1cccc(-c2ccccc2)c1
COc1cccc(OC)c1[C@@H]1CCCC(=O)N1Cc1cnc(OC(F)F)c(C)c1,[*]c1c(OC)cccc1OC.[*][C@]1([H])CCCC(=O)N1[*].[*]Cc1cnc(OC(F)F)c(C)c1
COc1cccc(OC)c1[C@@H]1CCCC(=O)N1Cc1csc(Oc2ccccc2)n1,[*]c1c(OC)cccc1OC.[*][C@]1([H])CCCC(=O)N1[*].[*]Cc1csc(Oc2ccccc2)n1
COc1cccc(F)c1[C@@H]1C[C@H](Cl)C(=O)N1Cc1cccc(OC(F)(F)C(F)F)c1,[*]c1c(F)cccc1OC.[*][C@]1([H])C[C@]([H])(Cl)C(=O)N1[*].[*]Cc1cccc(OC(F)(F)C(F)F)c1
COc1cccc(OC)c1[C@@H]1C[C@@H](O)C(=O)N1Cc1ccc2oc3sc(C)nc3c2c1,[*]c1c(OC)cccc1OC.[*][C@]1([H])C[C@@]([H])(O)C(=O)N1[*].[*]Cc1ccc2oc3sc(C)nc3c2c1
O=C1CC[C@@H](c2ccccc2-c2ccccc2)N1Cc1cccc(-c2ccccc2)c1,[*]c1ccccc1-c1ccccc1.[*][C@]1([H])CCC(=O)N1[*].[*]Cc1cccc(-c2ccccc2)c1
COc1cc(F)cc(OC)c1[C@@H]1CCCC(=O)N1Cc1cccc(-c2ccccc2)c1,[*]c1c(OC)cc(F)cc1OC.[*][C@]1([H])CCCC(=O)N1[*].[*]Cc1cccc(-c2ccccc2)c1
Cc1nc(-c2cccc(CN3C(=O)CCCC[C@H]3c3ccccc3-n3cccn3)c2)cs1,[*]c1ccccc1-n1cccn1.[*][C@]1([H])CCCCC(=O)N1[*].[*]Cc1cccc(-c2csc(C)n2)c1
Cc1nc(-c2cccc(CN3C(=O)CCC[C@H]3c3ccccc3-c3ccccc3)c2)cs1,[*]c1ccccc1-c1ccccc1.[*][C@]1([H])CCCC(=O)N1[*].[*]Cc1cccc(-c2csc(C)n2)c1
COc1ccc2c(C)noc2c1[C@@H]1CCCC(=O)N1Cc1cccc(-c2ccccc2)c1,[*]c1c(OC)ccc2c(C)noc12.[*][C@]1([H])CCCC(=O)N1[*].[*]Cc1cccc(-c2ccccc2)c1
O=C1[C@@H](F)C[C@@H](c2c(F)cccc2OC2CCC2)N1Cc1cccc(OC(F)(F)F)c1,[*]c1c(F)cccc1OC1CCC1.[*][C@]1([H])C[C@]([H])(F)C(=O)N1[*].[*]Cc1cccc(OC(F)(F)F)c1
CC(C)Oc1cccc(F)c1[C@@H]1C[C@H](F)C(=O)N1Cc1ccc(Cl)c(OC(F)(F)F)c1,[*]c1c(F)cccc1OC(C)C.[*][C@]1([H])C[C@]([H])(F)C(=O)N1[*].[*]Cc1ccc(Cl)c(OC(F)(F)F)c1
O=C1CCC[C@@H](c2ccccc2-c2nccs2)N1Cc1cccc(-c2ccccc2)c1,[*]c1ccccc1-c1nccs1.[*][C@]1([H])CCCC(=O)N1[*].[*]Cc1cccc(-c2ccccc2)c1
COc1cccc(OC)c1[C@@H]1CCCCC(=O)N1Cc1ccc(-c2ccccc2)cc1,[*]c1c(OC)cccc1OC.[*][C@]1([H])CCCCC(=O)N1[*].[*]Cc1ccc(-c2ccccc2)cc1
O=C1CCC[C@@H](c2ccccc2-c2ccccc2)N1Cc1ccc(Oc2ccccc2)cc1,[*]c1ccccc1-c1ccccc1.[*][C@]1([H])CCCC(=O)N1[*].[*]Cc1ccc(Oc2ccccc2)cc1
O=C1CCC[C@@H](c2ccccc2-c2ccccc2)N1Cc1cccc2ccccc12,[*]c1ccccc1-c1ccccc1.[*][C@]1([H])CCCC(=O)N1[*].[*]Cc1cccc2ccccc12
COc1cccc(OC)c1[C@@H]1CCCC(=O)N1Cc1cccc(-n2cncn2)c1,[*]c1c(OC)cccc1OC.[*][C@]1([H])CCCC(=O)N1[*].[*]Cc1cccc(-n2cncn2)c1
Cc1ccc(CN2C(=O)[C@@H](F)C[C@H]2c2c(F)cccc2OCCF)cc1OC(F)(F)C(F)F,[*]c1c(F)cccc1OCCF.[*][C@]1([H])C[C@]([H])(F)C(=O)N1[*].[*]Cc1ccc(C)c(OC(F)(F)C(F)F)c1
CC(C)Oc1cccc(F)c1[C@@H]1C[C@H](Cl)C(=O)N1Cc1ccc(OC(F)(F)F)cc1,[*]c1c(F)cccc1OC(C)C.[*][C@]1([H])C[C@]([H])(Cl)C(=O)N1[*].[*]Cc1ccc(OC(F)(F)F)cc1
COc1cccc(OC)c1[C@@H]1CCCCC(=O)N1Cc1ccccc1-c1ccccc1,[*]c1c(OC)cccc1OC.[*][C@]1([H])CCCCC(=O)N1[*].[*]Cc1ccccc1-c1ccccc1
COc1ccc2ccccc2c1[C@@H]1C[C@H](Cl)C(=O)N1Cc1ccc(OC(F)(F)F)cc1,[*]c1c(OC)ccc2ccccc12.[*][C@]1([H])C[C@]([H])(Cl)C(=O)N1[*].[*]Cc1ccc(OC(F)(F)F)cc1
COc1cccc(F)c1[C@@H]1C[C@H](F)C(=O)N1Cc1ccc(OC(F)(F)C(F)F)cc1,[*]c1c(F)cccc1OC.[*][C@]1([H])C[C@]([H])(F)C(=O)N1[*].[*]Cc1ccc(OC(F)(F)C(F)F)cc1
COc1cncc(OC)c1[C@@H]1CCCCC(=O)N1Cc1ccc2c(c1)c1ccccc1n2C,[*]c1c(OC)cncc1OC.[*][C@]1([H])CCCCC(=O)N1[*].[*]Cc1ccc2c(c1)c1ccccc1n2C
O=C1[C@@H](F)C[C@@H](c2c(F)cccc2OCCF)N1Cc1ccc(F)c(OC(F)(F)C(F)F)c1,[*]c1c(F)cccc1OCCF.[*][C@]1([H])C[C@]([H])(F)C(=O)N1[*].[*]Cc1ccc(F)c(OC(F)(F)C(F)F)c1
O=C1[C@H](Cl)C[C@@H](c2c(F)cccc2OCCF)N1Cc1ccc(Cl)c(OC(F)(F)C(F)F)c1,[*]c1c(F)cccc1OCCF.[*][C@]1([H])C[C@@]([H])(Cl)C(=O)N1[*].[*]Cc1ccc(Cl)c(OC(F)(F)C(F)F)c1
COc1ccc2c(c1[C@@H]1CCCC(=O)N1Cc1ccc(OC(F)(F)F)cc1)OCO2,[*]c1c(OC)ccc2c1OCO2.[*][C@]1([H])CCCC(=O)N1[*].[*]Cc1ccc(OC(F)(F)F)cc1
COc1cccc(F)c1[C@@H]1C[C@@H](O)C(=O)N1Cc1ccc2sc3ccccc3c2c1,[*]c1c(F)cccc1OC.[*][C@]1([H])C[C@@]([H])(O)C(=O)N1[*].[*]Cc1ccc2sc3ccccc3c2c1
O=C1CCCC[C@@H](c2ccccc2-c2cccnc2)N1Cc1cccc(-c2nccs2)c1,[*]c1ccccc1-c1cccnc1.[*][C@]1([H])CCCCC(=O)N1[*].[*]Cc1cccc(-c2nccs2)c1
COc1cccc(OC)c1[C@@H]1CCCCC(=O)N1Cc1cnc(OC(F)F)c(Cl)c1,[*]c1c(OC)cccc1OC.[*][C@]1([H])CCCCC(=O)N1[*].[*]Cc1cnc(OC(F)F)c(Cl)c1
COc1cccc(OC)c1[C@@H]1[C@@H](F)CC(=O)N1Cc1ccc(OC(F)(F)F)cc1,[*]c1c(OC)cccc1OC.[*][C@@]1([H])N([*])C(=O)C[C@]1([H])F.[*]Cc1ccc(OC(F)(F)F)cc1
CCOc1cccc(F)c1[C@@H]1C[C@H](Cl)C(=O)N1Cc1ccc(OC(F)(F)F)c(Cl)c1,[*]c1c(F)cccc1OCC.[*][C@]1([H])C[C@]([H])(Cl)C(=O)N1[*].[*]Cc1ccc(OC(F)(F)F)c(Cl)c1
COc1cccc(F)c1[C@@H]1C[C@H](Cl)C(=O)N1Cc1ccc(F)c(OC(F)(F)C(F)F)c1,[*]c1c(F)cccc1OC.[*][C@]1([H])C[C@]([H])(Cl)C(=O)N1[*].[*]Cc1ccc(F)c(OC(F)(F)C(F)F)c1
COc1cccc(OC)c1[C@@H]1C[C@@H](O)C(=O)N1Cc1ccc2c(c1)-c1nc(C)sc1C2,[*]c1c(OC)cccc1OC.[*][C@]1([H])C[C@@]([H])(O)C(=O)N1[*].[*]Cc1ccc2c(c1)-c1nc(C)sc1C2
O=C1CCCC[C@@H](c2ccccc2-c2cncs2)N1Cc1cccc(-c2nccs2)c1,[*]c1ccccc1-c1cncs1.[*][C@]1([H])CCCCC(=O)N1[*].[*]Cc1cccc(-c2nccs2)c1
COc1cccc(OC)c1[C@@H]1[C@H](O)CC(=O)N1Cc1ccc2oc3ccccc3c2c1,[*]c1c(OC)cccc1OC.[*][C@@]1([H])N([*])C(=O)C[C@@]1([H])O.[*]Cc1ccc2oc3ccccc3c2c1
COc1cccc(Cl)c1[C@@H]1C[C@H](F)C(=O)N1Cc1ccc(OC(F)(F)C(F)F)cc1,[*]c1c(Cl)cccc1OC.[*][C@]1([H])C[C@]([H])(F)C(=O)N1[*].[*]Cc1ccc(OC(F)(F)C(F)F)cc1
COc1cccc(OC)c1[C@@H]1CCCC(=O)N1Cc1cccc(-n2ccnn2)c1,[*]c1c(OC)cccc1OC.[*][C@]1([H])CCCC(=O)N1[*].[*]Cc1cccc(-n2ccnn2)c1
O=C1CCC[C@@H](c2ccccc2-c2ccccc2)N1Cc1cccc(OC(F)(F)F)c1,[*]c1ccccc1-c1ccccc1.[*][C@]1([H])CCCC(=O)N1[*].[*]Cc1cccc(OC(F)(F)F)c1
Cc1nc(-c2cccc(CN3C(=O)CCC[C@H]3c3cccc4c3OCCO4)c2)cs1,[*]c1cccc2c1OCCO2.[*][C@]1([H])CCCC(=O)N1[*].[*]Cc1cccc(-c2csc(C)n2)c1
COc1cccc(F)c1[C@@H]1C[C@H](F)C(=O)N1Cc1cccc(OC(F)(F)C(F)F)c1,[*]c1c(F)cccc1OC.[*][C@]1([H])C[C@]([H])(F)C(=O)N1[*].[*]Cc1cccc(OC(F)(F)C(F)F)c1
COc1cccc(F)c1[C@@H]1C[C@H](Cl)C(=O)N1Cc1ccc(Cl)c(OC(F)(F)C(F)F)c1,[*]c1c(F)cccc1OC.[*][C@]1([H])C[C@]([H])(Cl)C(=O)N1[*].[*]Cc1ccc(Cl)c(OC(F)(F)C(F)F)c1
CCOc1cccc(F)c1[C@@H]1C[C@H](Cl)C(=O)N1Cc1ccc(OC(F)(F)F)cc1,[*]c1c(F)cccc1OCC.[*][C@]1([H])C[C@]([H])(Cl)C(=O)N1[*].[*]Cc1ccc(OC(F)(F)F)cc1
O=C1CCCC[C@@H](c2ccccc2N2CCCC2)N1Cc1cccc(-c2ccccc2)c1,[*]c1ccccc1N1CCCC1.[*][C@]1([H])CCCCC(=O)N1[*].[*]Cc1cccc(-c2ccccc2)c1
O=C1CCCC[C@@H](c2ccccc2-c2ccccc2)N1Cc1cccc(Oc2ccccc2)c1,[*]c1ccccc1-c1ccccc1.[*][C@]1([H])CCCCC(=O)N1[*].[*]Cc1cccc(Oc2ccccc2)c1
O=C1CCCC[C@@H](c2ccccc2-c2ccncc2)N1Cc1cccc(-c2nccs2)c1,[*]c1ccccc1-c1ccncc1.[*][C@]1([H])CCCCC(=O)N1[*].[*]Cc1cccc(-c2nccs2)c1
O=C1[C@@H](Cl)C[C@@H](c2cccc3c2OCCO3)N1Cc1ccc(OC(F)(F)F)cc1,[*]c1cccc2c1OCCO2.[*][C@]1([H])C[C@]([H])(Cl)C(=O)N1[*].[*]Cc1ccc(OC(F)(F)F)cc1
COc1cc(F)ccc1[C@@H]1C[C@H](Cl)C(=O)N1Cc1ccc(OC(F)(F)F)cc1,[*]c1ccc(F)cc1OC.[*][C@]1([H])C[C@]([H])(Cl)C(=O)N1[*].[*]Cc1ccc(OC(F)(F)F)cc1
COc1ncnc(OC)c1[C@@H]1CCCC(=O)N1Cc1cccc(-c2ccccc2)c1,[*]c1c(OC)ncnc1OC.[*][C@]1([H])CCCC(=O)N1[*].[*]Cc1cccc(-c2ccccc2)c1
COc1cccc(F)c1[C@@H]1C[C@H](F)C(=O)N1Cc1ccc(Cl)c(OC(F)(F)C(F)F)c1,[*]c1c(F)cccc1OC.[*][C@]1([H])C[C@]([H])(F)C(=O)N1[*].[*]Cc1ccc(Cl)c(OC(F)(F)C(F)F)c1
COc1cccc(F)c1[C@@H]1C[C@H](F)C(=O)N1Cc1ccc(F)c(OC(F)(F)C(F)F)c1,[*]c1c(F)cccc1OC.[*][C@]1([H])C[C@]([H])(F)C(=O)N1[*].[*]Cc1ccc(F)c(OC(F)(F)C(F)F)c1
CCOc1cc(F)cc(F)c1[C@@H]1C[C@H](Cl)C(=O)N1Cc1ccc(OC(F)(F)F)cc1,[*]c1c(F)cc(F)cc1OCC.[*][C@]1([H])C[C@]([H])(Cl)C(=O)N1[*].[*]Cc1ccc(OC(F)(F)F)cc1
O=C1CCC[C@@H](c2ccccc2-c2ccccc2)N1Cc1ccc(-c2ccccc2)cc1,[*]c1ccccc1-c1ccccc1.[*][C@]1([H])CCCC(=O)N1[*].[*]Cc1ccc(-c2ccccc2)cc1
COc1cccc(F)c1[C@@H]1C[C@H](F)C(=O)N1Cc1ccc(C)c(OC(F)(F)C(F)F)c1,[*]c1c(F)cccc1OC.[*][C@]1([H])C[C@]([H])(F)C(=O)N1[*].[*]Cc1ccc(C)c(OC(F)(F)C(F)F)c1
COc1cccc(OC)c1[C@@H]1C[C@@H](O)C(=O)N1Cc1cccc(OC(F)(F)C(F)F)c1,[*]c1c(OC)cccc1OC.[*][C@]1([H])C[C@@]([H])(O)C(=O)N1[*].[*]Cc1cccc(OC(F)(F)C(F)F)c1
COc1cncc(OC)c1[C@@H]1CCCC(=O)N1Cc1csc(-c2ccccc2)n1,[*]c1c(OC)cncc1OC.[*][C@]1([H])CCCC(=O)N1[*].[*]Cc1csc(-c2ccccc2)n1
COc1ccc2nc(C)oc2c1[C@@H]1CCCC(=O)N1Cc1ccc2ccccc2n1,[*]c1c(OC)ccc2nc(C)oc12.[*][C@]1([H])CCCC(=O)N1[*].[*]Cc1ccc2ccccc2n1
COc1cccc(OC)c1[C@@H]1CCC(=O)N1Cc1cccc(N2CCCCC2)n1,[*]c1c(OC)cccc1OC.[*][C@]1([H])CCC(=O)N1[*].[*]Cc1cccc(N2CCCCC2)n1
CCOc1cccc(F)c1[C@@H]1C[C@H](F)C(=O)N1Cc1ccc(OC(F)(F)F)c(F)c1,[*]c1c(F)cccc1OCC.[*][C@]1([H])C[C@]([H])(F)C(=O)N1[*].[*]Cc1ccc(OC(F)(F)F)c(F)c1
CCOc1ccccc1[C@@H]1C[C@H](Cl)C(=O)N1Cc1ccc(OC(F)(F)F)cc1,[*]c1ccccc1OCC.[*][C@]1([H])C[C@]([H])(Cl)C(=O)N1[*].[*]Cc1ccc(OC(F)(F)F)cc1
O=C1CCC[C@@H](c2ccnn2-c2ccccc2)N1Cc1cccc(-c2ccccc2)c1,[*]c1ccnn1-c1ccccc1.[*][C@]1([H])CCCC(=O)N1[*].[*]Cc1cccc(-c2ccccc2)c1
CCOc1cccc(F)c1[C@@H]1C[C@H](Cl)C(=O)N1Cc1ccc(OC(F)(F)F)c(F)c1,[*]c1c(F)cccc1OCC.[*][C@]1([H])C[C@]([H])(Cl)C(=O)N1[*].[*]Cc1ccc(OC(F)(F)F)c(F)c1
CC(C)Oc1cccc(F)c1[C@@H]1C[C@H](F)C(=O)N1Cc1ccc(OC(F)(F)F)cc1,[*]c1c(F)cccc1OC(C)C.[*][C@]1([H])C[C@]([H])(F)C(=O)N1[*].[*]Cc1ccc(OC(F)(F)F)cc1
COc1cccc(F)c1[C@@H]1C[C@@H](O)C(=O)N1Cc1ccc(Cl)c(OC(F)(F)C(F)F)c1,[*]c1c(F)cccc1OC.[*][C@]1([H])C[C@@]([H])(O)C(=O)N1[*].[*]Cc1ccc(Cl)c(OC(F)(F)C(F)F)c1
Cc1ccc(CN2C(=O)[C@H](O)C[C@H]2c2c(F)cccc2OCCF)cc1OC(F)(F)C(F)F,[*]c1c(F)cccc1OCCF.[*][C@]1([H])C[C@@]([H])(O)C(=O)N1[*].[*]Cc1ccc(C)c(OC(F)(F)C(F)F)c1
COc1cccc(OC)c1[C@@H]1CCCC(=O)N1Cc1cc(-c2ccccc2)on1,[*]c1c(OC)cccc1OC.[*][C@]1([H])CCCC(=O)N1[*].[*]Cc1cc(-c2ccccc2)on1
COc1cccc(F)c1[C@@H]1C[C@@H](Cl)C(=O)N1Cc1ccc(Cl)c(OC(F)(F)C(F)F)c1,[*]c1c(F)cccc1OC.[*][C@]1([H])C[C@@]([H])(Cl)C(=O)N1[*].[*]Cc1ccc(Cl)c(OC(F)(F)C(F)F)c1
O=C1[C@H](O)C[C@@H](c2c(F)cccc2OCCF)N1Cc1ccc(Cl)c(OC(F)(F)C(F)F)c1,[*]c1c(F)cccc1OCCF.[*][C@]1([H])C[C@@]([H])(O)C(=O)N1[*].[*]Cc1ccc(Cl)c(OC(F)(F)C(F)F)c1
CCOc1cccc(F)c1[C@@H]1C[C@H](F)C(=O)N1Cc1ccc(F)c(OC(F)(F)F)c1,[*]c1c(F)cccc1OCC.[*][C@]1([H])C[C@]([H])(F)C(=O)N1[*].[*]Cc1ccc(F)c(OC(F)(F)F)c1
COc1cccc(OC)c1[C@@H]1CCCCC(=O)N1Cc1cnc2ccccc2c1,[*]c1c(OC)cccc1OC.[*][C@]1([H])CCCCC(=O)N1[*].[*]Cc1cnc2ccccc2c1
CCOc1cccc(F)c1[C@@H]1C[C@H](F)C(=O)N1Cc1ccc(OC(F)(F)F)c(Cl)c1,[*]c1c(F)cccc1OCC.[*][C@]1([H])C[C@]([H])(F)C(=O)N1[*].[*]Cc1ccc(OC(F)(F)F)c(Cl)c1
COc1ccc(F)c(OC)c1[C@@H]1C[C@@H](Cl)C(=O)N1Cc1ccc(OC(F)(F)F)cc1,[*]c1c(OC)ccc(F)c1OC.[*][C@]1([H])C[C@@]([H])(Cl)C(=O)N1[*].[*]Cc1ccc(OC(F)(F)F)cc1
COc1cccc(Cl)c1[C@@H]1C[C@H](Cl)C(=O)N1Cc1ccc(OC(F)(F)F)cc1,[*]c1c(Cl)cccc1OC.[*][C@]1([H])C[C@]([H])(Cl)C(=O)N1[*].[*]Cc1ccc(OC(F)(F)F)cc1
CCOc1ccc(F)c(F)c1[C@@H]1C[C@H](Cl)C(=O)N1Cc1ccc(OC(F)(F)F)cc1,[*]c1c(OCC)ccc(F)c1F.[*][C@]1([H])C[C@]([H])(Cl)C(=O)N1[*].[*]Cc1ccc(OC(F)(F)F)cc1
CCOc1cc(F)ccc1[C@@H]1C[C@H](Cl)C(=O)N1Cc1ccc(OC(F)(F)F)cc1,[*]c1ccc(F)cc1OCC.[*][C@]1([H])C[C@]([H])(Cl)C(=O)N1[*].[*]Cc1ccc(OC(F)(F)F)cc1
CCOc1cccc(Cl)c1[C@@H]1C[C@H](Cl)C(=O)N1Cc1ccc(OC(F)(F)F)cc1,[*]c1c(Cl)cccc1OCC.[*][C@]1([H])C[C@]([H])(Cl)C(=O)N1[*].[*]Cc1ccc(OC(F)(F)F)cc1
COc1cccc(OC)c1[C@@H]1CCC(=O)N1Cc1cccc2ccccc12,[*]c1c(OC)cccc1OC.[*][C@]1([H])CCC(=O)N1[*].[*]Cc1cccc2ccccc12
O=C1CCCC[C@@H](c2ccccc2-c2ccccc2)N1Cc1csc(-c2ccccc2)n1,[*]c1ccccc1-c1ccccc1.[*][C@]1([H])CCCCC(=O)N1[*].[*]Cc1csc(-c2ccccc2)n1
O=C1CCC[C@@H](c2cccc3c2OCCO3)N1Cc1cccc(-c2ccccc2)c1,[*]c1cccc2c1OCCO2.[*][C@]1([H])CCCC(=O)N1[*].[*]Cc1cccc(-c2ccccc2)c1
COc1cccc(F)c1[C@@H]1C[C@H](Cl)C(=O)N1Cc1cccc(OC(F)(F)F)c1,[*]c1c(F)cccc1OC.[*][C@]1([H])C[C@]([H])(Cl)C(=O)N1[*].[*]Cc1cccc(OC(F)(F)F)c1
O=C1[C@@H](F)C[C@@H](c2c(F)cccc2OC2CCCC2)N1Cc1cccc(OC(F)(F)F)c1,[*]c1c(F)cccc1OC1CCCC1.[*][C@]1([H])C[C@]([H])(F)C(=O)N1[*].[*]Cc1cccc(OC(F)(F)F)c1
O=C1[C@@H](F)C[C@@H](c2c(F)cccc2OCCF)N1Cc1ccc(Cl)c(OC(F)(F)F)c1,[*]c1c(F)cccc1OCCF.[*][C@]1([H])C[C@]([H])(F)C(=O)N1[*].[*]Cc1ccc(Cl)c(OC(F)(F)F)c1
COc1cccc(F)c1[C@@H]1C[C@@H](O)C(=O)N1Cc1ccc(OC(F)(F)C(F)F)cc1,[*]c1c(F)cccc1OC.[*][C@]1([H])C[C@@]([H])(O)C(=O)N1[*].[*]Cc1ccc(OC(F)(F)C(F)F)cc1
O=C1CC[C@@H](c2ccccc2-c2ccccc2)N1Cc1csc(-c2ccccc2)n1,[*]c1ccccc1-c1ccccc1.[*][C@]1([H])CCC(=O)N1[*].[*]Cc1csc(-c2ccccc2)n1
O=C1[C@H](O)C[C@@H](c2c(F)cccc2OCCF)N1Cc1ccc(F)c(OC(F)(F)C(F)F)c1,[*]c1c(F)cccc1OCCF.[*][C@]1([H])C[C@@]([H])(O)C(=O)N1[*].[*]Cc1ccc(F)c(OC(F)(F)C(F)F)c1
CCOc1c(F)cccc1[C@@H]1C[C@H](Cl)C(=O)N1Cc1ccc(OC(F)(F)F)cc1,[*]c1cccc(F)c1OCC.[*][C@]1([H])C[C@]([H])(Cl)C(=O)N1[*].[*]Cc1ccc(OC(F)(F)F)cc1
COc1cccc(Cl)c1[C@@H]1C[C@@H](O)C(=O)N1Cc1ccc(OC(F)(F)C(F)F)cc1,[*]c1c(Cl)cccc1OC.[*][C@]1([H])C[C@@]([H])(O)C(=O)N1[*].[*]Cc1ccc(OC(F)(F)C(F)F)cc1
COc1ccc2nc(C)oc2c1[C@@H]1CCCC(=O)N1Cc1ccc(OC(F)(F)F)cc1,[*]c1c(OC)ccc2nc(C)oc12.[*][C@]1([H])CCCC(=O)N1[*].[*]Cc1ccc(OC(F)(F)F)cc1
COc1cccc(F)c1[C@@H]1CC(=O)C(=O)N1Cc1ccc2oc3ccccc3c2c1,[*]c1c(F)cccc1OC.[*][C@]1([H])CC(=O)C(=O)N1[*].[*]Cc1ccc2oc3ccccc3c2c1
CCOc1ccc(F)c(F)c1[C@@H]1C[C@H](F)C(=O)N1Cc1ccc(OC(F)(F)F)cc1,[*]c1c(OCC)ccc(F)c1F.[*][C@]1([H])C[C@]([H])(F)C(=O)N1[*].[*]Cc1ccc(OC(F)(F)F)cc1
CCOc1cc(F)cc(F)c1[C@@H]1C[C@H](F)C(=O)N1Cc1ccc(OC(F)(F)F)cc1,[*]c1c(F)cc(F)cc1OCC.[*][C@]1([H])C[C@]([H])(F)C(=O)N1[*].[*]Cc1ccc(OC(F)(F)F)cc1
O=C1CC[C@@H](c2ccccc2-c2ccccc2)N1Cc1ccc(OC(F)(F)F)cc1,[*]c1ccccc1-c1ccccc1.[*][C@]1([H])CCC(=O)N1[*].[*]Cc1ccc(OC(F)(F)F)cc1
CC(C)Oc1cccc(F)c1[C@@H]1C[C@H](F)C(=O)N1Cc1ccc(F)c(OC(F)(F)F)c1,[*]c1c(F)cccc1OC(C)C.[*][C@]1([H])C[C@]([H])(F)C(=O)N1[*].[*]Cc1ccc(F)c(OC(F)(F)F)c1
CCOc1cccc(F)c1[C@@H]1C[C@H](F)C(=O)N1Cc1ccc(Cl)c(OC(F)(F)F)c1,[*]c1c(F)cccc1OCC.[*][C@]1([H])C[C@]([H])(F)C(=O)N1[*].[*]Cc1ccc(Cl)c(OC(F)(F)F)c1
COc1cccc(OC)c1[C@@H]1CCCC(=O)N1Cc1nc2ccccc2s1,[*]c1c(OC)cccc1OC.[*][C@]1([H])CCCC(=O)N1[*].[*]Cc1nc2ccccc2s1
COc1cccc(OC)c1[C@@H]1CCCC(=O)N1Cc1cnc(-c2ccccc2)s1,[*]c1c(OC)cccc1OC.[*][C@]1([H])CCCC(=O)N1[*].[*]Cc1cnc(-c2ccccc2)s1
COc1cccc(OC)c1[C@@H]1CCCC(=O)N1Cc1ccc2nccnc2c1,[*]c1c(OC)cccc1OC.[*][C@]1([H])CCCC(=O)N1[*].[*]Cc1ccc2nccnc2c1
CCOc1cccc(Cl)c1[C@@H]1C[C@H](F)C(=O)N1Cc1ccc(OC(F)(F)F)cc1,[*]c1c(Cl)cccc1OCC.[*][C@]1([H])C[C@]([H])(F)C(=O)N1[*].[*]Cc1ccc(OC(F)(F)F)cc1
CCOc1cccc(F)c1[C@@H]1C[C@@H](Cl)C(=O)N1Cc1ccc(OC(F)(F)F)cc1,[*]c1c(F)cccc1OCC.[*][C@]1([H])C[C@@]([H])(Cl)C(=O)N1[*].[*]Cc1ccc(OC(F)(F)F)cc1
COc1cccc(F)c1[C@@H]1C[C@@H](Cl)C(=O)N1Cc1ccc(OC(F)(F)F)cc1,[*]c1c(F)cccc1OC.[*][C@]1([H])C[C@@]([H])(Cl)C(=O)N1[*].[*]Cc1ccc(OC(F)(F)F)cc1
COc1ccc(Cl)c(OC)c1[C@@H]1C[C@H](F)C(=O)N1Cc1ccc(OC(F)(F)F)cc1,[*]c1c(OC)ccc(Cl)c1OC.[*][C@]1([H])C[C@]([H])(F)C(=O)N1[*].[*]Cc1ccc(OC(F)(F)F)cc1
CCOc1cccc(F)c1[C@@H]1C[C@H](F)C(=O)N1Cc1ccc(OC(F)(F)F)cc1,[*]c1c(F)cccc1OCC.[*][C@]1([H])C[C@]([H])(F)C(=O)N1[*].[*]Cc1ccc(OC(F)(F)F)cc1
COc1cc(F)ccc1[C@@H]1C[C@@H](Cl)C(=O)N1Cc1ccc(OC(F)(F)F)cc1,[*]c1ccc(F)cc1OC.[*][C@]1([H])C[C@@]([H])(Cl)C(=O)N1[*].[*]Cc1ccc(OC(F)(F)F)cc1
O=C1[C@H](O)C[C@@H](c2c(F)cccc2OC2CCC2)N1Cc1cccc(OC(F)(F)F)c1,[*]c1c(F)cccc1OC1CCC1.[*][C@]1([H])C[C@@]([H])(O)C(=O)N1[*].[*]Cc1cccc(OC(F)(F)F)c1
COc1cccc(F)c1[C@@H]1C[C@@H](O)C(=O)N1Cc1ccc(C)c(OC(F)(F)C(F)F)c1,[*]c1c(F)cccc1OC.[*][C@]1([H])C[C@@]([H])(O)C(=O)N1[*].[*]Cc1ccc(C)c(OC(F)(F)C(F)F)c1
CCOc1cccc(F)c1[C@@H]1C[C@@H](O)C(=O)N1Cc1cccc(OC(F)(F)C(F)F)c1,[*]c1c(F)cccc1OCC.[*][C@]1([H])C[C@@]([H])(O)C(=O)N1[*].[*]Cc1cccc(OC(F)(F)C(F)F)c1
COc1ncnc(OC)c1[C@@H]1CCCC(=O)N1Cc1cccc(-c2csc(C)n2)c1,[*]c1c(OC)ncnc1OC.[*][C@]1([H])CCCC(=O)N1[*].[*]Cc1cccc(-c2csc(C)n2)c1
COc1c(F)ccc(F)c1[C@@H]1C[C@H](Cl)C(=O)N1Cc1ccc(OC(F)(F)F)cc1,[*]c1c(F)ccc(F)c1OC.[*][C@]1([H])C[C@]([H])(Cl)C(=O)N1[*].[*]Cc1ccc(OC(F)(F)F)cc1
COc1ccccc1[C@@H]1C[C@H](F)C(=O)N1Cc1ccc(OC(F)(F)F)cc1,[*]c1ccccc1OC.[*][C@]1([H])C[C@]([H])(F)C(=O)N1[*].[*]Cc1ccc(OC(F)(F)F)cc1
COc1cccc(OC)c1[C@@H]1CCCC(=O)N1Cc1ccnc(N2CCCC2)c1,[*]c1c(OC)cccc1OC.[*][C@]1([H])CCCC(=O)N1[*].[*]Cc1ccnc(N2CCCC2)c1
O=C1CCC[C@@H](c2ccccc2N2CCCC2)N1Cc1cccc(-c2ccccc2)c1,[*]c1ccccc1N1CCCC1.[*][C@]1([H])CCCC(=O)N1[*].[*]Cc1cccc(-c2ccccc2)c1
COc1cccc(OC)c1[C@@H]1CCCCC(=O)N1Cc1cncc(-c2ccccc2)c1,[*]c1c(OC)cccc1OC.[*][C@]1([H])CCCCC(=O)N1[*].[*]Cc1cncc(-c2ccccc2)c1
CCOc1c(F)cccc1[C@@H]1C[C@@H](Cl)C(=O)N1Cc1ccc(OC(F)(F)F)cc1,[*]c1cccc(F)c1OCC.[*][C@]1([H])C[C@@]([H])(Cl)C(=O)N1[*].[*]Cc1ccc(OC(F)(F)F)cc1
O=C1[C@H](O)C[C@@H](c2c(F)cccc2OCCF)N1Cc1ccc(Cl)c(OCC(F)(F)F)c1,[*]c1c(F)cccc1OCCF.[*][C@]1([H])C[C@@]([H])(O)C(=O)N1[*].[*]Cc1ccc(Cl)c(OCC(F)(F)F)c1
O=C1CCC[C@@H](c2ccccc2-c2ccccc2)N1Cc1ccc2ccccc2c1,[*]c1ccccc1-c1ccccc1.[*][C@]1([H])CCCC(=O)N1[*].[*]Cc1ccc2ccccc2c1
COc1c(F)ccc(F)c1[C@@H]1C[C@@H](Cl)C(=O)N1Cc1ccc(OC(F)(F)F)cc1,[*]c1c(F)ccc(F)c1OC.[*][C@]1([H])C[C@@]([H])(Cl)C(=O)N1[*].[*]Cc1ccc(OC(F)(F)F)cc1
COc1ccc(F)c(OC)c1[C@@H]1C[C@H](F)C(=O)N1Cc1ccc(OC(F)(F)F)cc1,[*]c1c(OC)ccc(F)c1OC.[*][C@]1([H])C[C@]([H])(F)C(=O)N1[*].[*]Cc1ccc(OC(F)(F)F)cc1
O=C1[C@H](Cl)C[C@@H](c2cccc3c2OCCO3)N1Cc1ccc(OC(F)(F)F)cc1,[*]c1cccc2c1OCCO2.[*][C@]1([H])C[C@@]([H])(Cl)C(=O)N1[*].[*]Cc1ccc(OC(F)(F)F)cc1
COc1ccc(Cl)c(OC)c1[C@@H]1C[C@@H](O)C(=O)N1Cc1ccc(OC(F)(F)F)cc1,[*]c1c(OC)ccc(Cl)c1OC.[*][C@]1([H])C[C@@]([H])(O)C(=O)N1[*].[*]Cc1ccc(OC(F)(F)F)cc1
COc1cccc(F)c1[C@@H]1C[C@@H](O)C(=O)N1Cc1ccc(F)c(OC(F)(F)C(F)F)c1,[*]c1c(F)cccc1OC.[*][C@]1([H])C[C@@]([H])(O)C(=O)N1[*].[*]Cc1ccc(F)c(OC(F)(F)C(F)F)c1
CCOc1c(F)cccc1[C@@H]1C[C@H](F)C(=O)N1Cc1ccc(OC(F)(F)F)cc1,[*]c1cccc(F)c1OCC.[*][C@]1([H])C[C@]([H])(F)C(=O)N1[*].[*]Cc1ccc(OC(F)(F)F)cc1
COc1ccc2ccccc2c1[C@@H]1C[C@H](F)C(=O)N1Cc1ccc(OC(F)(F)F)cc1,[*]c1c(OC)ccc2ccccc12.[*][C@]1([H])C[C@]([H])(F)C(=O)N1[*].[*]Cc1ccc(OC(F)(F)F)cc1
CCOc1c(F)cccc1[C@@H]1C[C@@H](O)C(=O)N1Cc1ccc(OC(F)(F)F)cc1,[*]c1cccc(F)c1OCC.[*][C@]1([H])C[C@@]([H])(O)C(=O)N1[*].[*]Cc1ccc(OC(F)(F)F)cc1
COc1cccc(F)c1[C@@H]1C[C@H](F)C(=O)N1Cc1ccc(F)c(OC(F)(F)F)c1,[*]c1c(F)cccc1OC.[*][C@]1([H])C[C@]([H])(F)C(=O)N1[*].[*]Cc1ccc(F)c(OC(F)(F)F)c1
O=C1CCCC[C@@H](c2ccccc2-n2ccnn2)N1Cc1csc(-c2cccc(Cl)c2)n1,[*]c1ccccc1-n1ccnn1.[*][C@]1([H])CCCCC(=O)N1[*].[*]Cc1csc(-c2cccc(Cl)c2)n1
COc1cccc(F)c1[C@@H]1CC(F)(F)C(=O)N1Cc1cccc(OC(F)(F)F)c1,[*]c1c(F)cccc1OC.[*][C@]1([H])CC(F)(F)C(=O)N1[*].[*]Cc1cccc(OC(F)(F)F)c1
O=C1[C@@H](F)C[C@@H](c2c(F)cccc2OCCF)N1Cc1ccc(F)c(OC(F)(F)F)c1,[*]c1c(F)cccc1OCCF.[*][C@]1([H])C[C@]([H])(F)C(=O)N1[*].[*]Cc1ccc(F)c(OC(F)(F)F)c1
COc1cccc(F)c1[C@@H]1C[C@H](F)C(=O)N1Cc1cccc(OC(F)(F)F)c1,[*]c1c(F)cccc1OC.[*][C@]1([H])C[C@]([H])(F)C(=O)N1[*].[*]Cc1cccc(OC(F)(F)F)c1
O=C1[C@H](O)C[C@@H](c2c(F)cccc2OCCF)N1Cc1cc(F)cc(OC(F)(F)C(F)F)c1,[*]c1c(F)cccc1OCCF.[*][C@]1([H])C[C@@]([H])(O)C(=O)N1[*].[*]Cc1cc(F)cc(OC(F)(F)C(F)F)c1
COc1cc(F)ccc1[C@@H]1C[C@@H](O)C(=O)N1Cc1ccc(OC(F)(F)F)cc1,[*]c1ccc(F)cc1OC.[*][C@]1([H])C[C@@]([H])(O)C(=O)N1[*].[*]Cc1ccc(OC(F)(F)F)cc1
CCOc1ccccc1[C@@H]1C[C@H](F)C(=O)N1Cc1ccc(OC(F)(F)F)cc1,[*]c1ccccc1OCC.[*][C@]1([H])C[C@]([H])(F)C(=O)N1[*].[*]Cc1ccc(OC(F)(F)F)cc1
COc1cccc(F)c1[C@@H]1CC(=O)C(=O)N1Cc1cccc(OC(F)(F)F)c1,[*]c1c(F)cccc1OC.[*][C@]1([H])CC(=O)C(=O)N1[*].[*]Cc1cccc(OC(F)(F)F)c1
O=C1CCC[C@@H](c2ccccc2-c2ccccc2)N1Cc1csc(-c2ccccc2)n1,[*]c1ccccc1-c1ccccc1.[*][C@]1([H])CCCC(=O)N1[*].[*]Cc1csc(-c2ccccc2)n1
COc1cc(F)ccc1[C@@H]1C[C@H](F)C(=O)N1Cc1ccc(OC(F)(F)F)cc1,[*]c1ccc(F)cc1OC.[*][C@]1([H])C[C@]([H])(F)C(=O)N1[*].[*]Cc1ccc(OC(F)(F)F)cc1
COc1c(F)ccc(F)c1[C@@H]1C[C@H](F)C(=O)N1Cc1ccc(OC(F)(F)F)cc1,[*]c1c(F)ccc(F)c1OC.[*][C@]1([H])C[C@]([H])(F)C(=O)N1[*].[*]Cc1ccc(OC(F)(F)F)cc1
O=C1CCC[C@@H](c2ccccc2-c2ccccc2)N1Cc1cccc(-c2ccccc2)c1,[*]c1ccccc1-c1ccccc1.[*][C@]1([H])CCCC(=O)N1[*].[*]Cc1cccc(-c2ccccc2)c1
COc1c(F)ccc(F)c1[C@@H]1C[C@@H](O)C(=O)N1Cc1ccc(OC(F)(F)F)cc1,[*]c1c(F)ccc(F)c1OC.[*][C@]1([H])C[C@@]([H])(O)C(=O)N1[*].[*]Cc1ccc(OC(F)(F)F)cc1
O=C1[C@H](O)C[C@@H](c2c(F)cccc2OCCF)N1Cc1cccc(OC(F)(F)C(F)F)c1,[*]c1c(F)cccc1OCCF.[*][C@]1([H])C[C@@]([H])(O)C(=O)N1[*].[*]Cc1cccc(OC(F)(F)C(F)F)c1
COc1cccc(Cl)c1[C@@H]1C[C@H](F)C(=O)N1Cc1ccc(OC(F)(F)F)cc1,[*]c1c(Cl)cccc1OC.[*][C@]1([H])C[C@]([H])(F)C(=O)N1[*].[*]Cc1ccc(OC(F)(F)F)cc1
CC(C)Oc1cccc(F)c1[C@@H]1CC(F)(F)C(=O)N1Cc1ccc(OC(F)(F)F)cc1,[*]c1c(F)cccc1OC(C)C.[*][C@]1([H])CC(F)(F)C(=O)N1[*].[*]Cc1ccc(OC(F)(F)F)cc1
COc1cccc(C)c1[C@@H]1C[C@H](Cl)C(=O)N1Cc1ccc(OC(F)(F)F)cc1,[*]c1c(C)cccc1OC.[*][C@]1([H])C[C@]([H])(Cl)C(=O)N1[*].[*]Cc1ccc(OC(F)(F)F)cc1
COc1cccc(F)c1[C@@H]1C[C@H](F)C(=O)N1Cc1ccc(Cl)c(OC(F)(F)F)c1,[*]c1c(F)cccc1OC.[*][C@]1([H])C[C@]([H])(F)C(=O)N1[*].[*]Cc1ccc(Cl)c(OC(F)(F)F)c1
COc1ccc(Cl)c(OC)c1[C@@H]1C[C@@H](Cl)C(=O)N1Cc1ccc(OC(F)(F)F)cc1,[*]c1c(OC)ccc(Cl)c1OC.[*][C@]1([H])C[C@@]([H])(Cl)C(=O)N1[*].[*]Cc1ccc(OC(F)(F)F)cc1
CCOc1cc(CN2C(=O)[C@H](O)C[C@H]2c2c(F)cccc2OCC)ccc1Cl,[*]c1c(F)cccc1OCC.[*][C@]1([H])C[C@@]([H])(O)C(=O)N1[*].[*]Cc1ccc(Cl)c(OCC)c1
CCOc1cccc(F)c1[C@@H]1C[C@H](Cl)C(=O)N1Cc1ccccc1OC(F)(F)F,[*]c1c(F)cccc1OCC.[*][C@]1([H])C[C@]([H])(Cl)C(=O)N1[*].[*]Cc1ccccc1OC(F)(F)F
COc1cccc(OC)c1[C@@H]1CCCC(=O)N1Cc1ccnc(Br)c1,[*]c1c(OC)cccc1OC.[*][C@]1([H])CCCC(=O)N1[*].[*]Cc1ccnc(Br)c1
O=C1CCC[C@@H](c2ccccc2-c2ccccc2)N1Cc1ccc(OC(F)(F)F)cc1,[*]c1ccccc1-c1ccccc1.[*][C@]1([H])CCCC(=O)N1[*].[*]Cc1ccc(OC(F)(F)F)cc1
COc1ccccc1[C@@H]1C[C@H](Cl)C(=O)N1Cc1ccc(OC(F)(F)F)cc1,[*]c1ccccc1OC.[*][C@]1([H])C[C@]([H])(Cl)C(=O)N1[*].[*]Cc1ccc(OC(F)(F)F)cc1
O=C1CCC[C@@H](c2ccnn2-c2ccccc2)N1Cc1ccccc1-c1ccccc1,[*]c1ccnn1-c1ccccc1.[*][C@]1([H])CCCC(=O)N1[*].[*]Cc1ccccc1-c1ccccc1
O=C1CCCC[C@@H](c2ccccc2-c2ccccc2)N1Cc1cccc(-c2ccccc2)c1,[*]c1ccccc1-c1ccccc1.[*][C@]1([H])CCCCC(=O)N1[*].[*]Cc1cccc(-c2ccccc2)c1
COc1cccc(OC)c1[C@@H]1CCCC(=O)N1Cc1cncc(-c2ccccc2)c1,[*]c1c(OC)cccc1OC.[*][C@]1([H])CCCC(=O)N1[*].[*]Cc1cncc(-c2ccccc2)c1
O=C1CCCC[C@@H](c2ccccc2-n2ccnn2)N1Cc1csc(-c2ccc(Cl)cc2)n1,[*]c1ccccc1-n1ccnn1.[*][C@]1([H])CCCCC(=O)N1[*].[*]Cc1csc(-c2ccc(Cl)cc2)n1
COc1cccc(OC)c1[C@@H]1CCCC(=O)N1Cc1cnc(OC(F)F)c(C2CC2)c1,[*]c1c(OC)cccc1OC.[*][C@]1([H])CCCC(=O)N1[*].[*]Cc1cnc(OC(F)F)c(C2CC2)c1
O=C1CCCC[C@@H](c2ccccc2-n2cccn2)N1Cc1cccc(-n2cccn2)c1,[*]c1ccccc1-n1cccn1.[*][C@]1([H])CCCCC(=O)N1[*].[*]Cc1cccc(-n2cccn2)c1
COc1cccc(F)c1[C@@H]1C[C@H](F)C(=O)N1Cc1ccc(OC(F)(F)F)cc1,[*]c1c(F)cccc1OC.[*][C@]1([H])C[C@]([H])(F)C(=O)N1[*].[*]Cc1ccc(OC(F)(F)F)cc1
COc1ccc2ncoc2c1[C@@H]1CCCC(=O)N1Cc1ccc2ccccc2n1,[*]c1c(OC)ccc2ncoc12.[*][C@]1([H])CCCC(=O)N1[*].[*]Cc1ccc2ccccc2n1
CCOc1cc(F)ccc1[C@@H]1C[C@H](F)C(=O)N1Cc1ccc(OC(F)(F)F)cc1,[*]c1ccc(F)cc1OCC.[*][C@]1([H])C[C@]([H])(F)C(=O)N1[*].[*]Cc1ccc(OC(F)(F)F)cc1
COc1ccc2ncoc2c1[C@@H]1CCCC(=O)N1Cc1ccc(OC(F)(F)F)cc1,[*]c1c(OC)ccc2ncoc12.[*][C@]1([H])CCCC(=O)N1[*].[*]Cc1ccc(OC(F)(F)F)cc1
CCOc1cccc(F)c1[C@@H]1C[C@@H](O)C(=O)N1Cc1ccc(F)c(OC(F)(F)F)c1,[*]c1c(F)cccc1OCC.[*][C@]1([H])C[C@@]([H])(O)C(=O)N1[*].[*]Cc1ccc(F)c(OC(F)(F)F)c1
CCOc1ccccc1[C@@H]1C[C@@H](O)C(=O)N1Cc1ccc(OC(F)(F)F)cc1,[*]c1ccccc1OCC.[*][C@]1([H])C[C@@]([H])(O)C(=O)N1[*].[*]Cc1ccc(OC(F)(F)F)cc1
O=C1CCCC[C@@H](c2ccccc2-c2ccccc2)N1Cc1ccc(OC(F)(F)F)cc1,[*]c1ccccc1-c1ccccc1.[*][C@]1([H])CCCCC(=O)N1[*].[*]Cc1ccc(OC(F)(F)F)cc1
CCOc1cccc(F)c1[C@@H]1C[C@@H](O)C(=O)N1Cc1ccc(OC(F)(F)F)cc1,[*]c1c(F)cccc1OCC.[*][C@]1([H])C[C@@]([H])(O)C(=O)N1[*].[*]Cc1ccc(OC(F)(F)F)cc1
CC(C)Oc1cccc(F)c1[C@@H]1C[C@@H](O)C(=O)N1Cc1ccc(F)c(OC(F)(F)F)c1,[*]c1c(F)cccc1OC(C)C.[*][C@]1([H])C[C@@]([H])(O)C(=O)N1[*].[*]Cc1ccc(F)c(OC(F)(F)F)c1
COc1ccc2ccccc2c1[C@@H]1C[C@@H](O)C(=O)N1Cc1ccc(OC(F)(F)F)cc1,[*]c1c(OC)ccc2ccccc12.[*][C@]1([H])C[C@@]([H])(O)C(=O)N1[*].[*]Cc1ccc(OC(F)(F)F)cc1
COc1cccc(C)c1[C@@H]1C[C@@H](O)C(=O)N1Cc1ccc(OC(F)(F)F)cc1,[*]c1c(C)cccc1OC.[*][C@]1([H])C[C@@]([H])(O)C(=O)N1[*].[*]Cc1ccc(OC(F)(F)F)cc1
CCOc1cccc(F)c1[C@@H]1C[C@@H](O)C(=O)N1Cc1ccc(OC(F)(F)F)c(F)c1,[*]c1c(F)cccc1OCC.[*][C@]1([H])C[C@@]([H])(O)C(=O)N1[*].[*]Cc1ccc(OC(F)(F)F)c(F)c1
CCOc1cccc(F)c1[C@@H]1C[C@@H](O)C(=O)N1Cc1ccc(OC(F)(F)F)c(Cl)c1,[*]c1c(F)cccc1OCC.[*][C@]1([H])C[C@@]([H])(O)C(=O)N1[*].[*]Cc1ccc(OC(F)(F)F)c(Cl)c1
O=C1[C@H](O)C[C@@H](c2c(F)cccc2OC2CCCC2)N1Cc1cccc(OC(F)(F)F)c1,[*]c1c(F)cccc1OC1CCCC1.[*][C@]1([H])C[C@@]([H])(O)C(=O)N1[*].[*]Cc1cccc(OC(F)(F)F)c1
CCOc1cccc(Cl)c1[C@@H]1C[C@@H](O)C(=O)N1Cc1ccc(OC(F)(F)F)cc1,[*]c1c(Cl)cccc1OCC.[*][C@]1([H])C[C@@]([H])(O)C(=O)N1[*].[*]Cc1ccc(OC(F)(F)F)cc1
COc1cccc(F)c1[C@@H]1C[C@@H](O)C(=O)N1Cc1cccc(OC(F)(F)C(F)F)c1,[*]c1c(F)cccc1OC.[*][C@]1([H])C[C@@]([H])(O)C(=O)N1[*].[*]Cc1cccc(OC(F)(F)C(F)F)c1
COc1cccc(Cl)c1[C@@H]1C[C@@H](O)C(=O)N1Cc1ccc(OC(F)(F)F)cc1,[*]c1c(Cl)cccc1OC.[*][C@]1([H])C[C@@]([H])(O)C(=O)N1[*].[*]Cc1ccc(OC(F)(F)F)cc1
O=C1[C@H](O)C[C@@H](c2c(F)cccc2OCCF)N1Cc1ccc(OC(F)(F)F)c(Cl)c1,[*]c1c(F)cccc1OCCF.[*][C@]1([H])C[C@@]([H])(O)C(=O)N1[*].[*]Cc1ccc(OC(F)(F)F)c(Cl)c1
CCOc1cccc(F)c1[C@@H]1C[C@@H](O)C(=O)N1Cc1cccc(OCC(F)(F)F)c1,[*]c1c(F)cccc1OCC.[*][C@]1([H])C[C@@]([H])(O)C(=O)N1[*].[*]Cc1cccc(OCC(F)(F)F)c1
O=C1[C@H](O)C[C@@H](c2c(F)cccc2OCCF)N1Cc1ccc(Cl)c(OC(F)(F)F)c1,[*]c1c(F)cccc1OCCF.[*][C@]1([H])C[C@@]([H])(O)C(=O)N1[*].[*]Cc1ccc(Cl)c(OC(F)(F)F)c1
CC(C)Oc1cccc(F)c1[C@@H]1C[C@@H](O)C(=O)N1Cc1ccc(Cl)c(OC(F)(F)F)c1,[*]c1c(F)cccc1OC(C)C.[*][C@]1([H])C[C@@]([H])(O)C(=O)N1[*].[*]Cc1ccc(Cl)c(OC(F)(F)F)c1
COc1ccnc(OC)c1[C@@H]1CCCC(=O)N1Cc1ccc2nc(C)sc2c1,[*]c1c(OC)ccnc1OC.[*][C@]1([H])CCCC(=O)N1[*].[*]Cc1ccc2nc(C)sc2c1
CCOc1cccc(F)c1[C@@H]1C[C@@H](O)C(=O)N1Cc1ccccc1OC(F)(F)F,[*]c1c(F)cccc1OCC.[*][C@]1([H])C[C@@]([H])(O)C(=O)N1[*].[*]Cc1ccccc1OC(F)(F)F
O=C1[C@H](O)C[C@@H](c2c(F)cccc2OCCF)N1Cc1cccc(OCC(F)(F)F)c1,[*]c1c(F)cccc1OCCF.[*][C@]1([H])C[C@@]([H])(O)C(=O)N1[*].[*]Cc1cccc(OCC(F)(F)F)c1
CCOc1ccc(F)c(F)c1[C@@H]1C[C@@H](O)C(=O)N1Cc1ccc(OC(F)(F)F)cc1,[*]c1c(OCC)ccc(F)c1F.[*][C@]1([H])C[C@@]([H])(O)C(=O)N1[*].[*]Cc1ccc(OC(F)(F)F)cc1
O=C1[C@H](O)C[C@@H](c2c(F)cccc2OCCF)N1Cc1ccc(F)c(OC(F)(F)F)c1,[*]c1c(F)cccc1OCCF.[*][C@]1([H])C[C@@]([H])(O)C(=O)N1[*].[*]Cc1ccc(F)c(OC(F)(F)F)c1
O=C1[C@@H](F)C[C@@H](c2cccc3c2OCCO3)N1Cc1ccc(OC(F)(F)F)cc1,[*]c1cccc2c1OCCO2.[*][C@]1([H])C[C@]([H])(F)C(=O)N1[*].[*]Cc1ccc(OC(F)(F)F)cc1
COc1cccc(F)c1[C@@H]1C[C@@H](O)C(=O)N1Cc1ccc(OC(F)(F)F)cc1,[*]c1c(F)cccc1OC.[*][C@]1([H])C[C@@]([H])(O)C(=O)N1[*].[*]Cc1ccc(OC(F)(F)F)cc1
O=C1CCCC[C@@H](c2ccccc2-c2cncnc2)N1Cc1cccc(-c2nccs2)c1,[*]c1ccccc1-c1cncnc1.[*][C@]1([H])CCCCC(=O)N1[*].[*]Cc1cccc(-c2nccs2)c1
CCOc1ccc(F)c(F)c1[C@@H]1C[C@@H](Cl)C(=O)N1Cc1ccc(OC(F)(F)F)cc1,[*]c1c(OCC)ccc(F)c1F.[*][C@]1([H])C[C@@]([H])(Cl)C(=O)N1[*].[*]Cc1ccc(OC(F)(F)F)cc1
CCOc1cc(F)cc(F)c1[C@@H]1C[C@@H](O)C(=O)N1Cc1ccc(OC(F)(F)F)cc1,[*]c1c(F)cc(F)cc1OCC.[*][C@]1([H])C[C@@]([H])(O)C(=O)N1[*].[*]Cc1ccc(OC(F)(F)F)cc1
CCOc1cccc(F)c1[C@@H]1C[C@@H](O)C(=O)N1Cc1ccc(Cl)c(OC(F)(F)F)c1,[*]c1c(F)cccc1OCC.[*][C@]1([H])C[C@@]([H])(O)C(=O)N1[*].[*]Cc1ccc(Cl)c(OC(F)(F)F)c1
CCOc1cccc(F)c1[C@@H]1C[C@H](F)C(=O)N1Cc1ccccc1OC(F)(F)F,[*]c1c(F)cccc1OCC.[*][C@]1([H])C[C@]([H])(F)C(=O)N1[*].[*]Cc1ccccc1OC(F)(F)F
COc1ccccc1[C@@H]1C[C@@H](O)C(=O)N1Cc1ccc(OC(F)(F)F)cc1,[*]c1ccccc1OC.[*][C@]1([H])C[C@@]([H])(O)C(=O)N1[*].[*]Cc1ccc(OC(F)(F)F)cc1
COc1cncc(OC)c1[C@@H]1CCCC(=O)N1Cc1cccc(-n2cccn2)n1,[*]c1c(OC)cncc1OC.[*][C@]1([H])CCCC(=O)N1[*].[*]Cc1cccc(-n2cccn2)n1
CCOc1cccc(F)c1[C@@H]1C[C@@H](O)C(=O)N1Cc1cccc(OC(F)(F)F)c1,[*]c1c(F)cccc1OCC.[*][C@]1([H])C[C@@]([H])(O)C(=O)N1[*].[*]Cc1cccc(OC(F)(F)F)c1
COc1cccc(F)c1[C@@H]1C[C@@H](O)C(=O)N1Cc1ccc(Cl)c(OC(F)(F)F)c1,[*]c1c(F)cccc1OC.[*][C@]1([H])C[C@@]([H])(O)C(=O)N1[*].[*]Cc1ccc(Cl)c(OC(F)(F)F)c1
CCOc1cc(F)ccc1[C@@H]1C[C@@H](Cl)C(=O)N1Cc1ccc(OC(F)(F)F)cc1,[*]c1ccc(F)cc1OCC.[*][C@]1([H])C[C@@]([H])(Cl)C(=O)N1[*].[*]Cc1ccc(OC(F)(F)F)cc1
CC(C)Oc1cccc(F)c1[C@@H]1C[C@@H](O)C(=O)N1Cc1cccc(OC(F)(F)F)c1,[*]c1c(F)cccc1OC(C)C.[*][C@]1([H])C[C@@]([H])(O)C(=O)N1[*].[*]Cc1cccc(OC(F)(F)F)c1
COc1cccc(OC)c1[C@@H]1CCC(=O)N1Cc1nc2ccccc2s1,[*]c1c(OC)cccc1OC.[*][C@]1([H])CCC(=O)N1[*].[*]Cc1nc2ccccc2s1
O=C1[C@H](O)C[C@@H](c2cccc3c2OCCO3)N1Cc1ccc(OC(F)(F)F)cc1,[*]c1cccc2c1OCCO2.[*][C@]1([H])C[C@@]([H])(O)C(=O)N1[*].[*]Cc1ccc(OC(F)(F)F)cc1
O=C1[C@H](O)C[C@@H](c2c(F)cccc2OCCF)N1Cc1ccc(OC(F)(F)F)cc1,[*]c1c(F)cccc1OCCF.[*][C@]1([H])C[C@@]([H])(O)C(=O)N1[*].[*]Cc1ccc(OC(F)(F)F)cc1
O=C1[C@H](O)C[C@@H](c2c(O)cccc2F)N1Cc1cccc(OC(F)(F)F)c1,[*]c1c(O)cccc1F.[*][C@]1([H])C[C@@]([H])(O)C(=O)N1[*].[*]Cc1cccc(OC(F)(F)F)c1
CC(C)Oc1cccc(F)c1[C@@H]1CC(=O)C(=O)N1Cc1ccc(OC(F)(F)F)cc1,[*]c1c(F)cccc1OC(C)C.[*][C@]1([H])CC(=O)C(=O)N1[*].[*]Cc1ccc(OC(F)(F)F)cc1
Cc1nc2ccc(CN3C(=O)CCCC[C@H]3c3ccccc3-n3cccn3)cc2s1,[*]c1ccccc1-n1cccn1.[*][C@]1([H])CCCCC(=O)N1[*].[*]Cc1ccc2nc(C)sc2c1
COc1cccc(F)c1[C@@H]1C[C@@H](O)C(=O)N1Cc1ccc(F)c(OC(F)(F)F)c1,[*]c1c(F)cccc1OC.[*][C@]1([H])C[C@@]([H])(O)C(=O)N1[*].[*]Cc1ccc(F)c(OC(F)(F)F)c1
O=C1[C@H](O)C[C@@H](c2c(F)cccc2OCC(F)F)N1Cc1cccc(OC(F)(F)F)c1,[*]c1c(F)cccc1OCC(F)F.[*][C@]1([H])C[C@@]([H])(O)C(=O)N1[*].[*]Cc1cccc(OC(F)(F)F)c1
COc1ccc(F)c(OC)c1[C@@H]1C[C@@H](O)C(=O)N1Cc1ccc(OC(F)(F)F)cc1,[*]c1c(OC)ccc(F)c1OC.[*][C@]1([H])C[C@@]([H])(O)C(=O)N1[*].[*]Cc1ccc(OC(F)(F)F)cc1
O=C1[C@H](Cl)C[C@@H](c2c(F)cccc2F)N1Cc1ccc(OC(F)(F)F)cc1,[*]c1c(F)cccc1F.[*][C@]1([H])C[C@@]([H])(Cl)C(=O)N1[*].[*]Cc1ccc(OC(F)(F)F)cc1
O=C1[C@H](O)C[C@@H](c2c(F)cccc2OCCF)N1Cc1cccc(OC(F)(F)F)c1,[*]c1c(F)cccc1OCCF.[*][C@]1([H])C[C@@]([H])(O)C(=O)N1[*].[*]Cc1cccc(OC(F)(F)F)c1
COc1cccc(F)c1[C@@H]1C[C@@H](O)C(=O)N1Cc1cccc(OC(F)(F)F)c1,[*]c1c(F)cccc1OC.[*][C@]1([H])C[C@@]([H])(O)C(=O)N1[*].[*]Cc1cccc(OC(F)(F)F)c1
CCOc1cc(F)ccc1[C@@H]1C[C@@H](O)C(=O)N1Cc1ccc(OC(F)(F)F)cc1,[*]c1ccc(F)cc1OCC.[*][C@]1([H])C[C@@]([H])(O)C(=O)N1[*].[*]Cc1ccc(OC(F)(F)F)cc1
COc1ncnc(OC)c1[C@@H]1CCCC(=O)N1Cc1csc(-c2ccccc2)n1,[*]c1c(OC)ncnc1OC.[*][C@]1([H])CCCC(=O)N1[*].[*]Cc1csc(-c2ccccc2)n1
O=C1[C@H](O)C[C@@H](c2c(F)cccc2F)N1Cc1ccc(OC(F)(F)F)cc1,[*]c1c(F)cccc1F.[*][C@]1([H])C[C@@]([H])(O)C(=O)N1[*].[*]Cc1ccc(OC(F)(F)F)cc1
COc1cccc(OC)c1[C@@H]1[C@H](O)CC(=O)N1Cc1ccc(OC(F)(F)F)cc1,[*]c1c(OC)cccc1OC.[*][C@@]1([H])N([*])C(=O)C[C@@]1([H])O.[*]Cc1ccc(OC(F)(F)F)cc1
COc1ncnc(O)c1[C@@H]1CCCC(=O)N1Cc1cccc(-c2csc(C)n2)c1,[*]c1c(O)ncnc1OC.[*][C@]1([H])CCCC(=O)N1[*].[*]Cc1cccc(-c2csc(C)n2)c1
COc1ncnc(O)c1[C@@H]1CCCC(=O)N1Cc1csc(-c2ccccc2)n1,[*]c1c(O)ncnc1OC.[*][C@]1([H])CCCC(=O)N1[*].[*]Cc1csc(-c2ccccc2)n1
COc1ncnc(O)c1[C@@H]1CCCC(=O)N1Cc1cccc(-c2ccccc2)c1,[*]c1c(O)ncnc1OC.[*][C@]1([H])CCCC(=O)N1[*].[*]Cc1cccc(-c2ccccc2)c1
COc1cccc(OC)c1[C@@H]1CCCC(=O)N1Cc1csc(C)n1,[*]c1c(OC)cccc1OC.[*][C@]1([H])CCCC(=O)N1[*].[*]Cc1csc(C)n1
O=C1[C@@H](Cl)C[C@@H](c2c(F)cccc2F)N1Cc1ccc(OC(F)(F)F)cc1,[*]c1c(F)cccc1F.[*][C@]1([H])C[C@]([H])(Cl)C(=O)N1[*].[*]Cc1ccc(OC(F)(F)F)cc1
O=C1[C@@H](F)C[C@@H](c2c(F)cccc2F)N1Cc1ccc(OC(F)(F)F)cc1,[*]c1c(F)cccc1F.[*][C@]1([H])C[C@]([H])(F)C(=O)N1[*].[*]Cc1ccc(OC(F)(F)F)cc1
COc1cccc(OC(F)F)c1[C@@H]1C[C@@H](O)C(=O)N1Cc1ccc2oc3ccccc3c2c1,[*]c1c(OC)cccc1OC(F)F.[*][C@]1([H])C[C@@]([H])(O)C(=O)N1[*].[*]Cc1ccc2oc3ccccc3c2c1
COc1cccc(OC)c1[C@@H]1C[C@@H](O)C(=O)N1Cc1cccc(-c2ncc(C)s2)c1,[*]c1c(OC)cccc1OC.[*][C@]1([H])C[C@@]([H])(O)C(=O)N1[*].[*]Cc1cccc(-c2ncc(C)s2)c1
COc1cccc(OC)c1[C@@H]1C[C@@H](O)C(=O)N1Cc1ccc2oc3sc(C)nc3c2c1,[*]c1c(OC)cccc1OC.[*][C@]1([H])C[C@@]([H])(O)C(=O)N1[*].[*]Cc1ccc2oc3sc(C)nc3c2c1
O=C1[C@H](O)C[C@@H](c2c(F)cccc2OCCF)N1Cc1ccc2oc3ccccc3c2c1,[*]c1c(F)cccc1OCCF.[*][C@]1([H])C[C@@]([H])(O)C(=O)N1[*].[*]Cc1ccc2oc3ccccc3c2c1
COc1cccc(F)c1[C@@H]1C[C@@H](O)C(=O)N1Cc1ccc2oc3ccccc3c2c1,[*]c1c(F)cccc1OC.[*][C@]1([H])C[C@@]([H])(O)C(=O)N1[*].[*]Cc1ccc2oc3ccccc3c2c1
COc1cc(F)cc(OCCF)c1[C@@H]1C[C@@H](O)C(=O)N1Cc1ccc2oc3ccccc3c2c1,[*]c1c(OC)cc(F)cc1OCCF.[*][C@]1([H])C[C@@]([H])(O)C(=O)N1[*].[*]Cc1ccc2oc3ccccc3c2c1
COc1cccc(OCC(F)F)c1[C@@H]1C[C@@H](O)C(=O)N1Cc1ccc2oc3ccccc3c2c1,[*]c1c(OC)cccc1OCC(F)F.[*][C@]1([H])C[C@@]([H])(O)C(=O)N1[*].[*]Cc1ccc2oc3ccccc3c2c1
O=C1[C@H](O)C[C@@H](c2c(F)cccc2OCCF)N1Cc1ccc(F)c(OC(F)(F)C(F)F)c1,[*]c1c(F)cccc1OCCF.[*][C@]1([H])C[C@@]([H])(O)C(=O)N1[*].[*]Cc1ccc(F)c(OC(F)(F)C(F)F)c1
O=C1[C@H](O)C[C@@H](c2c(F)cccc2OCCF)N1Cc1cccc(OC(F)(F)C(F)F)c1,[*]c1c(F)cccc1OCCF.[*][C@]1([H])C[C@@]([H])(O)C(=O)N1[*].[*]Cc1cccc(OC(F)(F)C(F)F)c1
COc1cccc(F)c1[C@@H]1C[C@@H](O)C(=O)N1Cc1ccc(Cl)c(OC(F)(F)C(F)F)c1,[*]c1c(F)cccc1OC.[*][C@]1([H])C[C@@]([H])(O)C(=O)N1[*].[*]Cc1ccc(Cl)c(OC(F)(F)C(F)F)c1
O=C1[C@H](O)C[C@@H](c2c(F)cccc2OCCF)N1Cc1ccc(Cl)c(OC(F)(F)C(F)F)c1,[*]c1c(F)cccc1OCCF.[*][C@]1([H])C[C@@]([H])(O)C(=O)N1[*].[*]Cc1ccc(Cl)c(OC(F)(F)C(F)F)c1
COc1cc(F)cc(OCC(F)F)c1[C@@H]1C[C@@H](O)C(=O)N1Cc1ccc2oc3ccccc3c2c1,[*]c1c(OC)cc(F)cc1OCC(F)F.[*][C@]1([H])C[C@@]([H])(O)C(=O)N1[*].[*]Cc1ccc2oc3ccccc3c2c1
COc1cccc(OC)c1[C@H]1CCCC(=O)N1Cc1ccc2ccccc2n1,[*]c1c(OC)cccc1OC.[*][C@@]1([H])CCCC(=O)N1[*].[*]Cc1ccc2ccccc2n1
O=C1[C@H](O)C[C@@H](c2c(F)cccc2OCCF)N1Cc1ccc(Cl)c(OCC(F)(F)F)c1,[*]c1c(F)cccc1OCCF.[*][C@]1([H])C[C@@]([H])(O)C(=O)N1[*].[*]Cc1ccc(Cl)c(OCC(F)(F)F)c1
COc1cc(F)cc(OC)c1[C@@H]1C[C@@H](O)C(=O)N1Cc1ccc2oc3ccccc3c2c1,[*]c1c(OC)cc(F)cc1OC.[*][C@]1([H])C[C@@]([H])(O)C(=O)N1[*].[*]Cc1ccc2oc3ccccc3c2c1
COc1cccc(OC)c1[C@@H]1C[C@@H](O)C(=O)N1Cc1ccnc(-c2nc(C)cs2)c1,[*]c1c(OC)cccc1OC.[*][C@]1([H])C[C@@]([H])(O)C(=O)N1[*].[*]Cc1ccnc(-c2nc(C)cs2)c1
COc1cc(F)cc(OCCF)c1[C@H]1C[C@H](O)C(=O)N1Cc1ccc2oc3ccccc3c2c1,[*]c1c(OC)cc(F)cc1OCCF.[*][C@@]1([H])C[C@]([H])(O)C(=O)N1[*].[*]Cc1ccc2oc3ccccc3c2c1
COc1cc(F)cc(OC)c1[C@H]1C[C@H](O)C(=O)N1Cc1ccc2oc3ccccc3c2c1,[*]c1c(OC)cc(F)cc1OC.[*][C@@]1([H])C[C@]([H])(O)C(=O)N1[*].[*]Cc1ccc2oc3ccccc3c2c1
COc1cc(F)cc(OCC(F)F)c1[C@H]1C[C@H](O)C(=O)N1Cc1ccc2oc3ccccc3c2c1,[*]c1c(OC)cc(F)cc1OCC(F)F.[*][C@@]1([H])C[C@]([H])(O)C(=O)N1[*].[*]Cc1ccc2oc3ccccc3c2c1
COc1cccc(OCC(F)F)c1[C@H]1C[C@H](O)C(=O)N1Cc1ccc2oc3ccccc3c2c1,[*]c1c(OC)cccc1OCC(F)F.[*][C@@]1([H])C[C@]([H])(O)C(=O)N1[*].[*]Cc1ccc2oc3ccccc3c2c1
COc1cccc(OC)c1[C@H]1C[C@H](O)C(=O)N1Cc1ccnc(-c2nc(C)cs2)c1,[*]c1c(OC)cccc1OC.[*][C@@]1([H])C[C@]([H])(O)C(=O)N1[*].[*]Cc1ccnc(-c2nc(C)cs2)c1
COc1cccc(OC)c1[C@H]1C[C@H](O)C(=O)N1Cc1ccc2oc3sc(C)nc3c2c1,[*]c1c(OC)cccc1OC.[*][C@@]1([H])C[C@]([H])(O)C(=O)N1[*].[*]Cc1ccc2oc3sc(C)nc3c2c1
COc1cccc(OC(F)F)c1[C@H]1C[C@H](O)C(=O)N1Cc1ccc2oc3ccccc3c2c1,[*]c1c(OC)cccc1OC(F)F.[*][C@@]1([H])C[C@]([H])(O)C(=O)N1[*].[*]Cc1ccc2oc3ccccc3c2c1
O=C1[C@@H](O)C[C@H](c2c(F)cccc2OCCF)N1Cc1ccc(Cl)c(OCC(F)(F)F)c1,[*]c1c(F)cccc1OCCF.[*][C@@]1([H])C[C@]([H])(O)C(=O)N1[*].[*]Cc1ccc(Cl)c(OCC(F)(F)F)c1
O=C1[C@@H](O)C[C@H](c2c(F)cccc2OCCF)N1Cc1ccc(Cl)c(OC(F)(F)C(F)F)c1,[*]c1c(F)cccc1OCCF.[*][C@@]1([H])C[C@]([H])(O)C(=O)N1[*].[*]Cc1ccc(Cl)c(OC(F)(F)C(F)F)c1
COc1cccc(F)c1[C@H]1C[C@H](O)C(=O)N1Cc1ccc(Cl)c(OC(F)(F)C(F)F)c1,[*]c1c(F)cccc1OC.[*][C@@]1([H])C[C@]([H])(O)C(=O)N1[*].[*]Cc1ccc(Cl)c(OC(F)(F)C(F)F)c1
COc1cccc(OC)c1[C@H]1C[C@H](O)C(=O)N1Cc1cccc(-c2ncc(C)s2)c1,[*]c1c(OC)cccc1OC.[*][C@@]1([H])C[C@]([H])(O)C(=O)N1[*].[*]Cc1cccc(-c2ncc(C)s2)c1
COc1cccc(F)c1[C@H]1C[C@H](O)C(=O)N1Cc1ccc2oc3ccccc3c2c1,[*]c1c(F)cccc1OC.[*][C@@]1([H])C[C@]([H])(O)C(=O)N1[*].[*]Cc1ccc2oc3ccccc3c2c1
O=C1[C@@H](O)C[C@H](c2c(F)cccc2OCCF)N1Cc1ccc(F)c(OC(F)(F)C(F)F)c1,[*]c1c(F)cccc1OCCF.[*][C@@]1([H])C[C@]([H])(O)C(=O)N1[*].[*]Cc1ccc(F)c(OC(F)(F)C(F)F)c1
Cc1ccc(-n2nccn2)c(CN2C(=O)CC[C@H]2c2nc(-c3ccccc3)no2)c1,[*]c1nc(-c2ccccc2)no1.[*][C@]1([H])CCC(=O)N1[*].[*]Cc1cc(C)ccc1-n1nccn1
O=C1[C@@H](O)C[C@H](c2c(F)cccc2OCCF)N1Cc1cccc(OC(F)(F)C(F)F)c1,[*]c1c(F)cccc1OCCF.[*][C@@]1([H])C[C@]([H])(O)C(=O)N1[*].[*]Cc1cccc(OC(F)(F)C(F)F)c1
COc1c(F)cccc1-c1noc([C@@H]2CCC(=O)N2Cc2cc(C)ccc2-n2nccn2)n1,[*]c1nc(-c2cccc(F)c2OC)no1.[*][C@]1([H])CCC(=O)N1[*].[*]Cc1cc(C)ccc1-n1nccn1
O=C1[C@@H](O)C[C@H](c2c(F)cccc2OCCF)N1Cc1ccc2oc3ccccc3c2c1,[*]c1c(F)cccc1OCCF.[*][C@@]1([H])C[C@]([H])(O)C(=O)N1[*].[*]Cc1ccc2oc3ccccc3c2c1
